Приложение,№,119,к,приказу,Министерства,строительства,и,жилищно-коммунального,хозяйства,Российской,Федерации,от,26,декабря,2019,г.,№,876/пр,ЦЕНЫ,НА,"МАТЕРИАЛЫ,","ИЗДЕЛИЯ,",КОНСТРУКЦИИ,И,"ОБОРУДОВАНИЕ,",ПРИМЕНЯЕМЫЕ,В,СТРОИТЕЛЬСТВЕ,ФССЦ,81-01-2001,I.,ОБЩИЕ,ПОЛОЖЕНИЯ,1.,Сметные,цены,(составляющие,сметных,"нормативов)""Федеральные",сметные,цены,на,"материалы,","изделия,",конструкции,и,"оборудование,",применяемые,в,"строительстве""",разработаны,в,базисном,уровне,цен,по,состоянию,на,1,января,2000,года,и,предназначены,для,определения,сметной,стоимости,"строительства,","реконструкции,",капитального,"ремонта,",сноса,объектов,капитального,"строительства,",работ,по,сохранению,объектов,культурного,"наследия,",финансируемых,с,привлечением,средств,бюджетов,бюджетной,системы,Российской,"Федерации,",средств,юридических,"лиц,",созданных,Российской,"Федерацией,",субъектами,Российской,"Федерации,",муниципальными,"образованиями,",юридических,"лиц,",доля,в,уставных,(складочных),капиталах,которых,Российской,"Федерации,",субъектов,Российской,"Федерации,",муниципальных,образований,составляет,более,50,"процентов,",а,также,сметной,стоимости,капитального,ремонта,многоквартирного,дома,(общего,имущества,в,многоквартирном,"доме),",осуществляемого,полностью,или,частично,за,счет,средств,регионального,"оператора,",товарищества,собственников,"жилья,","жилищного,",жилищно-строительного,кооператива,или,иного,специализированного,потребительского,кооператива,либо,средств,собственников,помещений,в,многоквартирном,"доме,",а,также,для,разработки,единичных,"расценок,",включенных,в,сборники,ФЕР-2001.,2.,Отпускные,цены,на,"материалы,","изделия,",конструкции,и,оборудование,определены,на,основании,цен,поставщиков,(производителей).,3.,Сметные,цены,учитывают,все,"расходы,",связанные,с,"приобретением,",доставкой,"материалов,","изделий,",конструкций,и,оборудования,от,поставщиков,(производителей),до,приобъектного,склада,объекта,капитального,строительства.,4.,Транспортные,затраты,приняты,из,условия,перевозки,грузов,автомобильным,транспортом,на,расстояние,до,30,километров,с,учетом,массы,брутто.,5.,Заготовительно-складские,расходы,приняты,в,процентах,от,стоимости,"материалов,","изделий,",конструкций,и,оборудования,франко-приобъектный,склад,в,размере:,по,строительным,"материалам,",изделиям,и,конструкциям,(за,исключением,металлических,строительных,конструкций),–,2%;,по,металлическим,строительным,конструкциям,–,"0,75%;",по,оборудованию,–,"1,2%.",6.,Затраты,на,доставку,"материалов,","изделий,",конструкций,и,оборудования,не,учитывают,использование,перевалочных,баз,и,складов.,В,"случае,",когда,перевозка,осуществляется,с,использованием,промежуточных,баз,"(складов),",сметная,стоимости,"материалов,","изделий,",конструкций,и,оборудования,определяется,в,соответствии,с,методическими,"документами,",включенными,в,Федеральный,реестр,сметных,нормативов.,7.,При,определении,сметной,стоимости,"материалов,","изделий,",конструкций,и,"оборудования,",наименование,которых,отсутствует,в,настоящем,ФССЦ,"81-01-2001,",необходимо,руководствоваться,положениями,методических,"документов,",внесенных,в,Федеральный,реестр,сметных,нормативов.
2,II.,ЦЕНЫ,НА,"МАТЕРИАЛЫ,",ИЗДЕЛИЯ,И,"КОНСТРУКЦИИ,",ПРИМЕНЯЕМЫЕ,В,СТРОИТЕЛЬСТВЕ,Код,ресурса,Наименование,ресурса,Ед.,изм.,Цена,по,состоянию,на,"01.01.2000,",руб.,отпускная,сметная,1,2,3,4,5,Книга,01,Материалы,для,строительных,и,дорожных,работ,Часть,01.1,"Материалы,",изделия,и,конструкции,хризотилсодержащие,Раздел,01.1.01,"Материалы,",изделия,и,конструкции,хризотилсодержащие,Группа,01.1.01.01,Детали,фасонные,к,листам,хризотилцементным,01.1.01.01-0002,Детали,фасонные,коньковые,к,листам,хризотилцементным,волнистым,100,пар,"456,46","498,00",01.1.01.01-0011,Детали,фасонные,к,листам,хризотилцементным,стеновым,м2,"36,36","37,50",Группа,01.1.01.02,Доски,электротехнические,01.1.01.02-0001,Ацэид,т,"881,82","935,00",01.1.01.02-0011,Ацэид,(ГОСТ,4248-92),размером:,1500х1000,"мм,",толщиной,6,мм,м2,"24,95","25,90",01.1.01.02-0012,Ацэид,(ГОСТ,4248-92),размером:,1500х1000,"мм,",толщиной,8,мм,м2,"33,03","34,29",01.1.01.02-0013,Ацэид,(ГОСТ,4248-92),размером:,1500х1000,"мм,",толщиной,10,мм,м2,"41,03","42,67",01.1.01.02-0021,Доски,электротехнические,тугостойкие,марки:,350,т,3,"605,62",3,"716,77",01.1.01.02-0022,Доски,электротехнические,тугостойкие,марки:,400,т,3,"724,59",3,"838,12",Группа,01.1.01.03,Конструкции,хризотилцементные,01.1.01.03-0001,Панели,стеновые,асбестоцементные,облегченные,м2,"233,61","239,80",01.1.01.03-1012,Плиты,покрытий,асбестоцементные,облегченные,м2,"264,48","275,00",Группа,01.1.01.04,Листы,хризотилцементные,волнистые,01.1.01.04-0001,Листы,асбестоцементные,волнистые:,высокого,профиля,51/177,толщиной,6,мм,м2,"15,77","16,60",01.1.01.04-0004,Листы,хризотилцементные,волнистые,унифицированного,профиля,"54/200,",толщина,"6,0",мм,м2,"12,46","13,22",01.1.01.04-0005,Листы,хризотилцементные,волнистые,унифицированного,профиля,"54/200,",толщина,"7,5",мм,м2,"23,12","24,20",01.1.01.04-1066,Листы,хризотилцементные,волнистые,обыкновенного,профиля,"28/115,",толщина,"5,5",мм,м2,"11,78","12,43",01.1.01.04-1068,Листы,хризотилцементные,волнистые,профиля,"40/150,",толщина,"5,8",мм,м2,"14,55","15,30",Группа,01.1.01.05,Листы,хризотилцементные,плоские,01.1.01.05-0001,Листы,хризотилцементные,плоские,для,оросителей,"градирен,","непрессованные,",толщина,7,мм,м2,"16,64","17,45",01.1.01.05-0002,Листы,хризотилцементные,плоские,для,оросителей,"градирен,","прессованные,",толщина,6,мм,м2,"20,72","21,54",01.1.01.05-0003,Листы,хризотилцементные,плоские,для,оросителей,"градирен,","прессованные,",толщина,7,мм,м2,"21,98","22,90",01.1.01.05-0011,Листы,хризотилцементные,плоские,мелкоразмерные,для,конструктивных,"элементов,","непрессованные,",толщина,6,мм,м2,"13,77","14,45",01.1.01.05-0012,Листы,хризотилцементные,плоские,мелкоразмерные,для,конструктивных,элементов,"зданий,","непрессованные,",толщина,8,мм,м2,"18,21","19,11",01.1.01.05-0013,Листы,хризотилцементные,плоские,мелкоразмерные,для,конструктивных,элементов,"зданий,","непрессованные,",толщина,10,мм,м2,"22,64","23,78",01.1.01.05-0014,Листы,хризотилцементные,плоские,мелкоразмерные,для,конструктивных,элементов,"зданий,","прессованные,",толщина,6,мм,м2,"16,98","17,73",01.1.01.05-0015,Листы,хризотилцементные,плоские,мелкоразмерные,для,конструктивных,элементов,"зданий,","прессованные,",толщина,8,мм,м2,"22,99","23,99"
3,Код,ресурса,Наименование,ресурса,Ед.,изм.,Цена,по,состоянию,на,"01.01.2000,",руб.,отпускная,сметная,1,2,3,4,5,01.1.01.05-0016,Листы,хризотилцементные,плоские,мелкоразмерные,для,конструктивных,элементов,"зданий,","прессованные,",толщина,10,мм,м2,"28,00","29,24",01.1.01.05-0021,Листы,хризотилцементные,плоские,с,гладкой,"поверхностью,","непрессованные,",толщина,4,мм,м2,"9,64","10,12",01.1.01.05-0022,Листы,хризотилцементные,плоские,с,гладкой,"поверхностью,","непрессованные,",толщина,5,мм,м2,"12,11","12,71",01.1.01.05-0023,Листы,хризотилцементные,плоские,с,гладкой,"поверхностью,","непрессованные,",толщина,6,мм,м2,"14,68","15,38",01.1.01.05-0024,Листы,хризотилцементные,плоские,с,гладкой,"поверхностью,","непрессованные,",толщина,8,мм,м2,"19,40","20,33",01.1.01.05-0025,Листы,хризотилцементные,плоские,с,гладкой,"поверхностью,","непрессованные,",толщина,10,мм,м2,"24,10","25,27",01.1.01.05-0026,Листы,хризотилцементные,плоские,с,гладкой,"поверхностью,","непрессованные,",толщина,12,мм,м2,"29,00","30,39",01.1.01.05-0027,Листы,хризотилцементные,плоские,с,гладкой,"поверхностью,","прессованные,",толщина,4,мм,м2,"12,09","12,62",01.1.01.05-0028,Листы,хризотилцементные,плоские,с,гладкой,"поверхностью,","прессованные,",толщина,5,мм,м2,"15,06","15,72",01.1.01.05-0029,Листы,хризотилцементные,плоские,с,гладкой,"поверхностью,","прессованные,",толщина,6,мм,м2,"18,32","19,09",01.1.01.05-0030,Листы,хризотилцементные,плоские,с,гладкой,"поверхностью,","прессованные,",толщина,8,мм,м2,"24,24","25,27",01.1.01.05-0031,Листы,хризотилцементные,плоские,с,гладкой,"поверхностью,","прессованные,",толщина,10,мм,м2,"29,51","30,78",01.1.01.05-0032,Листы,хризотилцементные,плоские,с,гладкой,"поверхностью,","прессованные,",толщина,12,мм,м2,"36,26","37,79",Группа,01.1.01.06,Панели,для,перегородок,хризотилцементные,01.1.01.06-0001,Панели,хризотилцементные,экструзионные,многопустотные,"панели,",высота,60,мм,м2,"233,28","239,80",01.1.01.06-0002,Панели,для,перегородок,высотой:,80,мм,м2,"232,86","240,00",Группа,01.1.01.07,Стойки,хризотилцементные,01.1.01.07-0001,Стойки,"асбестоцементные,",диаметр,100,мм,м,"71,14","72,78",Группа,01.1.01.08,Трубки,асбестовые,плетеные,01.1.01.08-0001,Трубки,асбестовые,"плетеные,",диаметр,от,5,до,18,мм,т,23,"610,99",24,"124,62",01.1.01.08-0002,Трубки,асбестовые,"плетеные,",диаметр,от,20,до,40,мм,т,23,"793,03",24,"310,30",Группа,01.1.01.09,Шнуры,асбестовые,01.1.01.09-0001,Нить,асбестовая,с,латунной,проволокой,т,45,"925,80",46,"883,70",01.1.01.09-0011,Шнур,асбестовый,газогенераторный,"ШАГ,",диаметр,10,мм,т,69,"325,33",70,"751,22",01.1.01.09-0012,Шнур,асбестовый,газогенераторный,"ШАГ,",диаметр,15,мм,т,65,"344,73",66,"691,01",01.1.01.09-0021,Шнур,асбестовый,общего,назначения,"ШАОН,",диаметр,"0,7",мм,т,31,"431,98",32,"100,00",01.1.01.09-0022,Шнур,асбестовый,общего,назначения,"ШАОН,",диаметр,"1,0-1,5",мм,т,29,"667,27",30,"300,00",01.1.01.09-0023,Шнур,асбестовый,общего,назначения,"ШАОН,",диаметр,"2,0-2,5",мм,т,26,"726,10",27,"300,00",01.1.01.09-0024,Шнур,асбестовый,общего,назначения,"ШАОН,",диаметр,3-5,мм,т,26,"382,96",26,"950,00",01.1.01.09-0025,Шнур,асбестовый,общего,назначения,"ШАОН,",диаметр,"6,0",мм,т,26,"110,94",26,"672,54",01.1.01.09-0026,Шнур,асбестовый,общего,назначения,"ШАОН,",диаметр,8-10,мм,т,25,"940,80",26,"499,00",01.1.01.09-0027,Шнур,асбестовый,общего,назначения,"ШАОН,",диаметр,10,мм,т,25,"941,10",26,"499,30",01.1.01.09-0028,Шнур,асбестовый,общего,назначения,"ШАОН,",диаметр,12,мм,т,24,"294,72",24,"820,00",01.1.01.09-0029,Шнур,асбестовый,общего,назначения,"ШАОН,",диаметр,15,мм,т,24,"294,72",24,"820,00",01.1.01.09-0030,Шнур,асбестовый,общего,назначения,"ШАОН,",диаметр,18-25,мм,т,22,"608,45",23,"100,00",01.1.01.09-0031,Шнур,асбестовый,общего,назначения,"ШАОН,",диаметр,22,мм,т,22,"608,45",23,"100,00",01.1.01.09-0041,Шнур,асбестовый,пуховый,ШАП-1,т,23,"705,51",24,"219,00",Раздел,01.1.02,Материалы,хризотилсодержащие,Группа,01.1.02.01,Асботекстолиты,01.1.02.01-0001,"Асботекстолит,",марка,А,т,118,"758,39",121,"174,97"
4,Код,ресурса,Наименование,ресурса,Ед.,изм.,Цена,по,состоянию,на,"01.01.2000,",руб.,отпускная,сметная,1,2,3,4,5,01.1.02.01-0002,"Асботекстолит,",марка,Б,т,98,"513,32",100,"525,00",01.1.02.01-0003,"Асботекстолит,",марка,Г,т,157,"802,54",161,"000,00",Группа,01.1.02.02,Бумаги,асбестовые,01.1.02.02-0001,Бумага,асбестовая,"БГ-М,",БГ-К,т,7,"567,79",7,"758,53",01.1.02.02-0011,Бумага,асбестовая,теплоизоляционная,БТ,(в,"рулонах,",листах),т,6,"507,53",6,"677,06",01.1.02.02-0012,Бумага,асбестовая,теплоизоляционная,"БТ,",толщина,1,мм,т,4,"925,24",5,"063,13",01.1.02.02-0013,Бумага,асбестовая,теплоизоляционная,"БТ,",толщина,"1,5",мм,т,5,"639,80",5,"791,98",01.1.02.02-0014,Бумага,асбестовая,теплоизоляционная,"БТ,",толщина,"0,65",мм,т,5,"639,79",5,"791,97",01.1.02.02-0021,Бумага,асбестовая,электроизоляционная,"БЭ,",толщина,"0,2-0,3",мм,т,11,"283,94",11,"549,00",01.1.02.02-0022,Бумага,асбестовая,электроизоляционная,"БЭ,",толщина,"0,2",мм,т,11,"283,94",11,"549,00",01.1.02.02-0023,Бумага,асбестовая,электроизоляционная,"БЭ,",толщина,"0,4-0,5",мм,т,10,"045,32",10,"285,61",01.1.02.02-0024,Бумага,асбестовая,электроизоляционная,"БЭ,",толщина,"0,4",мм,т,8,"637,40",8,"849,53",01.1.02.02-0025,Бумага,асбестовая,электроизоляционная,"БЭ,",толщина,"0,5",мм,т,8,"637,40",8,"849,53",Группа,01.1.02.03,Волокна,асбестовые,01.1.02.03-0001,Волокно,асбестовое,марки:,П-2-15,т,20,"457,88",20,"908,45",01.1.02.03-0002,Волокно,асбестовое,П-3-50,т,11,"757,44",12,"034,00",01.1.02.03-0003,Волокно,асбестовое,марки:,П-3-60,т,9,"434,28",9,"664,38",01.1.02.03-0004,Волокно,асбестовое,П-6-30,т,4,"506,76",4,"638,31",Группа,01.1.02.04,Картоны,асбестовые,01.1.02.04-0001,Диафрагма,из,картона,марки,"КД,",диаметр,330,мм,т,43,"350,38",44,"264,54",01.1.02.04-0011,Картон,асбестовый,общего,назначения,марка,"КАОН-1,",толщина,3,мм,т,8,"671,42",8,"892,00",01.1.02.04-0012,Картон,асбестовый,общего,назначения,марка,"КАОН-1,",толщина,4,и,6,мм,т,4,"894,95",5,"040,00",01.1.02.04-0021,Прокладки,из,картона,асбестового,"специального,",диаметр,или,наружный,размер,150,мм,т,18,"674,45",19,"088,03",Группа,01.1.02.05,Набивки,асбестовые,01.1.02.05-0001,Набивки,"асбестовые,",прорезиненные,с,резиновым,"сердечником,","круглые,",марка,"АРС,",диаметр,8-14,мм,т,63,"971,85",65,"302,95",01.1.02.05-0002,Набивки,"асбестовые,",прорезиненные,с,резиновым,"сердечником,","круглые,",марка,"АРС,",диаметр,16-20,мм,т,39,"363,50",40,"202,43",01.1.02.05-0003,Набивки,"асбестовые,",прорезиненные,с,резиновым,"сердечником,","круглые,",марка,"АРС,",диаметр,22-70,мм,т,35,"138,53",35,"892,96",01.1.02.05-0011,Набивки,скатанные,"асбестовые,","прорезиненные,","круглые,",марка,"АР,",диаметр,8-14,мм,т,77,"177,65",78,"772,87",01.1.02.05-0012,Набивки,скатанные,"асбестовые,","прорезиненные,","круглые,",марка,"АР,",диаметр,16-20,мм,т,51,"452,59",52,"533,30",01.1.02.05-0013,Набивки,скатанные,"асбестовые,","прорезиненные,","круглые,",марка,"АР,",диаметр,22-70,мм,т,40,"198,52",41,"054,15",01.1.02.05-0021,Набивки,асбестовые,"многослойно-плетеные,","квадратные,",марка,"НКПН-2-31,",диаметр,12,мм,т,59,"692,12",60,"937,63",01.1.02.05-0022,Набивки,асбестовые,"многослойно-плетеные,","квадратные,",марка,"НКПН-2-31,",диаметр,16,мм,т,59,"692,12",60,"937,63",01.1.02.05-0023,Набивки,асбестовые,"многослойно-плетеные,","квадратные,",марка,"НКПН-2-31,",диаметр,19,мм,т,59,"692,12",60,"937,63",01.1.02.05-0031,Набивки,многослойно-плетеные,прорезиненные,"асбестовые,",марка,"АГИ,",диаметр,4-5,мм,т,49,"544,82",50,"587,38",01.1.02.05-0032,Набивки,многослойно-плетеные,прорезиненные,"асбестовые,",марка,"АГИ,",диаметр,6-14,мм,т,45,"170,60",46,"125,68",01.1.02.05-0033,Набивки,многослойно-плетеные,прорезиненные,"асбестовые,",марка,"АГИ,",диаметр,16-22,мм,т,43,"750,34",44,"677,01",01.1.02.05-0041,Набивки,плетеные,асбестовые,с,двухслойным,оплетением,"сердечника,","квадратные,",диаметр,12,мм,т,34,"901,80",35,"651,50",01.1.02.05-0051,Набивки,плетеные,"асбестовые,",с,однослойным,оплетением,сердечника,и,"многослойно-плетеные,","круглые,","квадратные,",марка,"АПР-31,",диаметр,4-5,мм,т,42,"524,38",43,"426,53"
5,Код,ресурса,Наименование,ресурса,Ед.,изм.,Цена,по,состоянию,на,"01.01.2000,",руб.,отпускная,сметная,1,2,3,4,5,01.1.02.05-0052,Набивки,плетеные,"асбестовые,",с,однослойным,оплетением,сердечника,и,"многослойно-плетеные,","круглые,","квадратные,",марка,"АПР-31,",диаметр,6-14,мм,т,34,"199,92",34,"935,58",01.1.02.05-0053,Набивки,плетеные,"асбестовые,",с,однослойным,оплетением,сердечника,и,"многослойно-плетеные,","круглые,","квадратные,",марка,"АПР-31,",диаметр,16-22,мм,т,28,"305,57",28,"923,34",01.1.02.05-0054,Набивки,плетеные,"асбестовые,",с,однослойным,оплетением,сердечника,и,"многослойно-плетеные,","круглые,","квадратные,",марка,"АПР-31,",диаметр,25-50,мм,т,28,"494,18",29,"115,73",01.1.02.05-0061,Набивки,плетеные,пропитанные,"асбестовые,",сквозного,"плетения,","квадратные,",марка,"АП-31,",диаметр,4-5,мм,т,33,"568,86",34,"291,90",01.1.02.05-0062,Набивки,плетеные,пропитанные,"асбестовые,",сквозного,"плетения,","квадратные,",марка,"АП-31,",диаметр,6-14,мм,т,28,"735,17",29,"361,54",01.1.02.05-0063,Набивки,плетеные,пропитанные,"асбестовые,",сквозного,"плетения,","квадратные,","круглые,",марка,"АП-31,",диаметр,16-22,мм,т,24,"137,31",24,"671,72",01.1.02.05-0064,Набивки,плетеные,пропитанные,"асбестовые,",сквозного,"плетения,","квадратные,","круглые,",марка,"АП-31,",диаметр,25-50,мм,т,23,"152,88",23,"667,60",01.1.02.05-0071,Набивки,плетеные,прорезиненные,"асбестовые,",сквозного,"плетения,",с,однослойным,оплетением,"сердечника,",марка,"АПРПС,",диаметр,3-5,мм,т,85,"430,50",87,"190,77",01.1.02.05-0072,Набивки,плетеные,прорезиненные,"асбестовые,",сквозного,"плетения,",с,однослойным,оплетением,"сердечника,",марка,"АПРПС,",диаметр,6-14,мм,т,64,"669,64",66,"014,70",01.1.02.05-0073,Набивки,плетеные,прорезиненные,"асбестовые,",сквозного,"плетения,",с,однослойным,оплетением,"сердечника,",марка,"АПРПС,",диаметр,16-18,мм,т,51,"730,97",52,"817,25",01.1.02.05-0081,Набивки,плетеные,сухие,асбестовые,с,однослойным,оплетением,"сердечника,","круглые,","квадратные,",марка,"АСС,",диаметр,4-5,мм,т,64,"949,35",66,"300,00",01.1.02.05-0082,Набивки,плетеные,сухие,асбестовые,с,однослойным,оплетением,сердечника,и,"многослойно-плетеные,","круглые,","квадратные,",марка,"АСС,",диаметр,6-14,мм,т,58,"441,69",59,"662,19",01.1.02.05-0083,Набивки,плетеные,сухие,асбестовые,с,однослойным,оплетением,сердечника,и,"многослойно-плетеные,","круглые,","квадратные,",марка,"АСС,",диаметр,16-22,мм,т,49,"711,59",50,"757,48",01.1.02.05-0084,Набивки,плетеные,сухие,асбестовые,с,однослойным,оплетением,сердечника,и,"многослойно-плетеные,","круглые,","квадратные,",марка,"АСС,",диаметр,25-50,мм,т,48,"942,29",49,"972,80",01.1.02.05-0091,Набивки,пропитанные,асбестовые,с,однослойным,оплетением,сердечника,и,"многослойно-плетеные,","круглые,","квадратные,",марки,"АСП-31,",диаметр,16-22,мм,т,49,"879,14",50,"928,39",01.1.02.05-0101,Набивки,пропитанные,асбестовые,с,однослойным,оплетением,"сердечника,","квадратные,",марка,"НКПН-1-31,",диаметр,12,мм,т,59,"692,12",60,"937,63",01.1.02.05-0102,Набивки,пропитанные,асбестовые,с,однослойным,оплетением,"сердечника,","квадратные,",марка,"НКПН-1-31,",диаметр,16,мм,т,59,"692,12",60,"937,63",01.1.02.05-0103,Набивки,пропитанные,асбестовые,с,однослойным,оплетением,"сердечника,","квадратные,",марка,"НКПН-1-31,",диаметр,19,мм,т,59,"692,12",60,"937,63",01.1.02.05-0111,Набивки,сквозного,плетения,прорезиненные,"асбестовые,","квадратные,",с,однослойным,оплетением,"сердечника,","прямоугольные,",марка,"АПРПП,",диаметр,3-5,мм,т,75,"412,27",76,"972,18",01.1.02.05-0112,Набивки,сквозного,плетения,прорезиненные,"асбестовые,","квадратные,",с,однослойным,оплетением,"сердечника,","прямоугольные,",марка,"АПРПП,",диаметр,6-14,мм,т,56,"680,71",57,"865,99",01.1.02.05-0113,Набивки,сквозного,плетения,прорезиненные,"асбестовые,","квадратные,",с,однослойным,оплетением,"сердечника,","прямоугольные,",марка,"АПРПП,",диаметр,16-18,мм,т,46,"629,60",47,"613,86",01.1.02.05-0121,Набивки,сквозного,плетения,сухие,"асбестовые,",марка,"АС,",диаметр,4-5,мм,т,51,"327,90",52,"406,12"
6,Код,ресурса,Наименование,ресурса,Ед.,изм.,Цена,по,состоянию,на,"01.01.2000,",руб.,отпускная,сметная,1,2,3,4,5,01.1.02.05-0122,Набивки,сквозного,плетения,сухие,"асбестовые,",марка,"АС,",диаметр,6-14,мм,т,37,"940,10",38,"750,57",01.1.02.05-0123,Набивки,сквозного,плетения,сухие,"асбестовые,",марка,"АС,",диаметр,16-22,мм,т,30,"732,05",31,"398,35",01.1.02.05-0124,Набивки,сквозного,плетения,сухие,"асбестовые,",марка,"АС,",диаметр,25-50,мм,т,29,"248,37",29,"885,00",Группа,01.1.02.06,Парониты,01.1.02.06-0001,Паронит,т,27,"898,47",28,"496,87",01.1.02.06-0011,Паронит,"маслобензостойкий,",марка,"ПМБ-1,",толщина,"0,4",мм,кг,"78,41","80,02",01.1.02.06-0012,Паронит,"маслобензостойкий,",марка,"ПМБ-1,",толщина,"0,6",мм,кг,"78,41","80,02",01.1.02.06-0013,Паронит,"маслобензостойкий,",марка,"ПМБ-1,",толщина,"0,8",мм,кг,"78,41","80,02",01.1.02.06-0014,Паронит,"маслобензостойкий,",марка,"ПМБ-1,",толщина,"1,0",мм,кг,"78,41","80,02",01.1.02.06-0015,Паронит,"маслобензостойкий,",марка,"ПМБ-1,",толщина,"1,5",мм,кг,"57,40","58,59",01.1.02.06-0016,Паронит,"маслобензостойкий,",марка,"ПМБ-1,",толщина,"2,0",мм,кг,"57,40","58,59",01.1.02.06-0017,Паронит,"маслобензостойкий,",марка,"ПМБ-1,",толщина,"3,0",мм,кг,"57,40","58,59",01.1.02.06-0018,Паронит,"маслобензостойкий,",марка,"ПМБ-1,",толщина,"4,0",мм,кг,"59,01","60,23",Группа,01.1.02.07,Примеси,и,смеси,01.1.02.07-0001,Смесь,хризотилцементная,м3,3,"137,52",3,"259,52",01.1.02.07-0011,Примеси,волокнистых,веществ,кг,"24,77","25,31",01.1.02.07-0021,Смеска,асбестовая,АСШ-50,т,5,"415,19",5,"559,40",Группа,01.1.02.08,Прокладки,из,паронита,01.1.02.08-0001,Прокладки,из,паронита,"ПМБ,",толщина,1,"мм,",диаметр,50,мм,1000,шт,3,"381,46",3,"450,00",01.1.02.08-0002,Прокладки,из,паронита,"ПМБ,",толщина,1,"мм,",диаметр,100,мм,1000,шт,5,"537,85",5,"650,00",01.1.02.08-0003,Прокладки,из,паронита,"ПМБ,",толщина,1,"мм,",диаметр,150,мм,1000,шт,7,"821,39",7,"980,00",01.1.02.08-0004,Прокладки,из,паронита,"ПМБ,",толщина,1,"мм,",диаметр,200,мм,1000,шт,10,"167,67",10,"374,00",01.1.02.08-0005,Прокладки,из,паронита,"ПМБ,",толщина,1,"мм,",диаметр,250,мм,1000,шт,13,"217,47",13,"486,00",01.1.02.08-0006,Прокладки,из,паронита,"ПМБ,",толщина,1,"мм,",диаметр,300,мм,1000,шт,14,"965,96",15,"270,70",01.1.02.08-0007,Прокладки,из,паронита,"ПМБ,",толщина,1,"мм,",диаметр,500,мм,1000,шт,29,"040,29",29,"629,00",01.1.02.08-0008,Прокладки,из,паронита,"ПМБ,",толщина,1,"мм,",диаметр,600,мм,1000,шт,37,"751,64",38,"518,01",01.1.02.08-0009,Прокладки,из,паронита,"ПМБ,",толщина,1,"мм,",диаметр,700,мм,1000,шт,49,"076,09",50,"073,00",01.1.02.08-0010,Прокладки,из,паронита,"ПМБ,",толщина,1,"мм,",диаметр,800,мм,1000,шт,63,"799,55",65,"095,00",01.1.02.08-0011,Прокладки,из,паронита,"ПМБ,",толщина,1,"мм,",диаметр,1000,мм,1000,шт,82,"933,46",84,"623,00",01.1.02.08-0012,Прокладки,из,паронита,"ПМБ,",толщина,1,"мм,",диаметр,1200,мм,1000,шт,107,"817,96",110,"010,00",01.1.02.08-0013,Прокладки,из,паронита,"ПМБ,",толщина,1,"мм,",диаметр,1400,мм,1000,шт,140,"134,60",143,"013,00",01.1.02.08-0014,Прокладки,из,паронита,"ПМБ,",толщина,1,"мм,",диаметр,1700,мм,1000,шт,160,"695,98",164,"000,00",01.1.02.08-0015,Прокладки,из,паронита,"ПМБ,",толщина,1,"мм,",диаметр,1900,мм,1000,шт,179,"728,40",183,"400,00",01.1.02.08-0016,Прокладки,из,паронита,"ПМБ,",толщина,3,"мм,",диаметр,300,мм,1000,шт,17,"157,92",17,"532,00",01.1.02.08-0017,Прокладки,из,паронита,"ПМБ,",толщина,3,"мм,",диаметр,400,мм,1000,шт,22,"304,32",22,"792,00",01.1.02.08-0018,Прокладки,из,паронита,"ПМБ,",толщина,4,"мм,",диаметр,50,мм,1000,шт,3,"417,29",3,"489,10",01.1.02.08-0019,Прокладки,из,паронита,"ПМБ,",толщина,4,"мм,",диаметр,80,мм,1000,шт,4,"058,24",4,"143,86",01.1.02.08-0020,Прокладки,из,паронита,"ПМБ,",толщина,4,"мм,",диаметр,100,мм,1000,шт,5,"553,98",5,"670,63",01.1.02.08-0021,Прокладки,из,паронита,"ПМБ,",толщина,4,"мм,",диаметр,150,мм,1000,шт,10,"255,39",10,"469,23",01.1.02.08-0022,Прокладки,из,паронита,"ПМБ,",толщина,4,"мм,",диаметр,200,мм,1000,шт,11,"748,21",11,"995,07",01.1.02.08-0023,Прокладки,из,паронита,"ПМБ,",толщина,4,"мм,",диаметр,300,мм,1000,шт,19,"203,21",19,"628,98",01.1.02.08-0024,Прокладки,из,паронита,"ПМБ,",толщина,4,"мм,",диаметр,400,мм,1000,шт,23,"464,26",23,"991,08",01.1.02.08-0025,Прокладки,из,паронита,"ПМБ,",толщина,4,"мм,",диаметр,500,мм,1000,шт,29,"864,55",30,"533,76",01.1.02.08-0026,Прокладки,из,паронита,"ПМБ,",толщина,4,"мм,",диаметр,600,мм,1000,шт,36,"258,88",37,"077,39",01.1.02.08-0031,Прокладки,паронитовые,кг,"25,88","26,44",Группа,01.1.02.09,Ткани,асбестовые,01.1.02.09-0001,Полотно,асбестовое,нетканое,ПНАХ,м2,"34,04","34,74",01.1.02.09-0011,Ткань,асбестовая,с,хлопковым,волокном,"АТ-2,",толщина,"1,7",мм,м2,"50,61","51,66",01.1.02.09-0012,Ткань,асбестовая,"АТ-3,",толщина,"2,5",мм,м2,"49,13","50,16",01.1.02.09-0013,Ткань,асбестовая,"АТ-4,",толщина,"3,1",мм,м2,"54,04","55,18",01.1.02.09-0014,Ткань,асбестовая,"АТ-5,",толщина,"2,2",мм,м2,"54,04","55,17",01.1.02.09-0021,Ткань,асбестовая,со,стеклонитью,"АСТ-1,",толщина,"1,8",мм,т,65,"508,42",66,"860,00",01.1.02.09-0022,Ткань,асбестовая,со,стеклонитью,"АСТ-2,",толщина,"0,9",мм,т,68,"852,33",70,"270,79",Группа,01.1.02.10,Хризотилы,01.1.02.10-0002,Асбест,хризотиловый,т,3,"106,95",3,"210,50",01.1.02.10-0011,Асбест,хризотиловый,"волокнистый,",А-7-370,(С7,М7-370),т,2,"246,46",2,"332,80"
7,Код,ресурса,Наименование,ресурса,Ед.,изм.,Цена,по,состоянию,на,"01.01.2000,",руб.,отпускная,сметная,1,2,3,4,5,01.1.02.10-0012,Асбест,хризотиловый,"волокнистый,",марка:,А-7-450,(С7,М7-450),т,2,"386,07",2,"475,20",01.1.02.10-0023,Асбест,хризотиловый,М-3-60,т,15,"664,38",16,"019,08",01.1.02.10-0031,Асбест,хризотиловый,тонкоизмельченный,т,3,"096,65",3,"200,00",01.1.02.10-1018,"Хризотил,",группа,"5,",марки,"5-80,","5-70,","5-65,","5-60,","5-55,","5-50,","5-57,","П-5-50,","U-85,","ОМ-5,","СН-5В,",СН-5,т,3,"684,89",3,"800,00",01.1.02.10-1020,"Хризотил,",группа,"6,",марки,"6-55,","6-45,","6-40,","6-40М,","6-30,","6-20,","6-50,","Р-6-45,","П-6-45,","U-70,","ОМ-6,",СН-6,т,4,"495,15",4,"626,47",01.1.02.10-1022,"Хризотил,",группа,6К,т,1,"096,65",1,"160,00",Часть,01.2,Битумы,и,битумная,"продукция,",дегти,Раздел,01.2.01,Битумы,Группа,01.2.01.01,Битумы,дорожные,01.2.01.01-0001,Битумы,нефтяные,дорожные,жидкие,"МГ,",СГ,т,1,"423,23",1,"487,60",01.2.01.01-0002,Битум,нефтяной,дорожный,жидкий,МГО,т,1,"763,14",1,"834,31",01.2.01.01-0011,Битум,нефтяной,дорожный,улучшенный,БДУ-50/70,т,2,"115,92",2,"194,14",01.2.01.01-0012,Битум,нефтяной,дорожный,улучшенный,БДУ-70/100,т,2,"114,28",2,"192,47",01.2.01.01-0013,Битум,нефтяной,дорожный,улучшенный,БДУ-100/130,т,2,"128,63",2,"207,11",01.2.01.01-0014,Битум,нефтяной,дорожный,улучшенный,БДУ-130/200,т,2,"124,12",2,"202,51",01.2.01.01-0015,Битум,нефтяной,дорожный,улучшенный,БДУС-50/70,т,1,"247,90",1,"308,76",01.2.01.01-0016,Битум,нефтяной,дорожный,улучшенный,БДУС-70/100,т,1,"247,90",1,"308,76",01.2.01.01-0017,Битум,нефтяной,дорожный,улучшенный,БДУС-100/130,т,1,"247,90",1,"308,76",01.2.01.01-0018,Битум,нефтяной,дорожный,улучшенный,БДУС-130/200,т,1,"247,90",1,"308,76",01.2.01.01-0019,Битумы,нефтяные,дорожные,вязкие,БНД,"60/90,",БНД,90/130,т,1,"621,66",1,"690,00",01.2.01.01-0020,Битумы,нефтяные,дорожные,вязкие,БНД,"130/200,",БНД,200/300,т,1,"582,64",1,"650,20",01.2.01.01-0031,Битумы,полимерно-модифицированные,"дорожные,",марка:,"""G-Way",Styrelf,60,"Премиум""",т,3,"412,58",3,"516,74",01.2.01.01-0032,Битумы,полимерно-модифицированные,"дорожные,",марка:,"""G-Way",Styrelf,60,"Стандарт""",т,3,"199,30",3,"299,19",01.2.01.01-0033,Битумы,полимерно-модифицированные,"дорожные,",марка:,"""G-Way",Styrelf,90,"Премиум""",т,3,"412,58",3,"516,74",01.2.01.01-0034,Битумы,полимерно-модифицированные,"дорожные,",марка:,"""G-Way",Styrelf,90,"Стандарт""",т,3,"199,30",3,"299,19",01.2.01.01-1010,Битум,нефтяной,дорожный,БНД,130/200,т,1,"582,64",1,"650,20",01.2.01.01-1014,Битум,нефтяной,дорожный,БНД,200/300,т,1,"582,64",1,"650,20",01.2.01.01-1018,Битум,нефтяной,дорожный,БНД,40/60,т,1,"670,68",1,"740,00",01.2.01.01-1022,Битум,нефтяной,дорожный,БНД,60/90,т,1,"621,66",1,"690,00",01.2.01.01-1024,Битум,нефтяной,дорожный,БНД,70/100,т,1,"548,36",1,"615,23",01.2.01.01-1026,Битум,нефтяной,дорожный,БНД,90/130,т,1,"621,66",1,"690,00",Группа,01.2.01.02,Битумы,строительные,01.2.01.02-0001,Битум,горячий,т,1,"873,54",1,"946,91",01.2.01.02-0011,Битум,разжиженный,РБ-1,т,4,"987,51",5,"123,16",01.2.01.02-0012,Битум,разжиженный,РБ-2,т,3,"258,44",3,"359,51",01.2.01.02-0021,Битумы,нефтяные,модифицированные,для,кровельных,мастик,БНМ-55/60,т,1,"528,83",1,"596,00",01.2.01.02-0022,Битумы,нефтяные,строительные,для,кровельных,мастик,БНМ-75/35,т,1,"847,43",1,"920,98",01.2.01.02-0031,Битумы,нефтяные,строительные,изоляционные,"БНИ-IV-3,","БНИ-IV,",БНИ-V,т,1,"349,60",1,"412,50",01.2.01.02-0041,Битумы,нефтяные,строительные,кровельные,"БНК-45/190,",БНК-40/180,т,1,"464,80",1,"530,00",01.2.01.02-0042,Битумы,нефтяные,строительные,кровельные,БНК-90/30,т,1,"349,60",1,"412,50",01.2.01.02-0051,Битумы,нефтяные,строительные,БН-50/50,т,1,"609,14",1,"677,23",01.2.01.02-0052,Битумы,нефтяные,строительные,БН-70/30,т,1,"460,39",1,"525,50",01.2.01.02-0054,Битумы,нефтяные,строительные,БН-90/10,т,1,"320,78",1,"383,10",Раздел,01.2.02,Дегти,Группа,01.2.02.01,Дегти,каменноугольные,дорожные,01.2.02.01-0001,Деготь,каменноугольный,дорожный,Д-1,т,1,"393,94",1,"458,42",01.2.02.01-0002,Деготь,каменноугольный,дорожный,Д-2,т,1,"452,97",1,"518,63"
8,Код,ресурса,Наименование,ресурса,Ед.,изм.,Цена,по,состоянию,на,"01.01.2000,",руб.,отпускная,сметная,1,2,3,4,5,01.2.02.01-0003,Деготь,каменноугольный,дорожный,Д-3,т,1,"497,13",1,"563,67",01.2.02.01-0004,Деготь,каменноугольный,дорожный,Д-4,т,2,"250,00",2,"331,60",01.2.02.01-0005,Деготь,каменноугольный,дорожный,Д-5,т,1,"569,92",1,"637,92",01.2.02.01-0006,Деготь,каменноугольный,дорожный,Д-6,т,1,"642,71",1,"712,16",Раздел,01.2.03,Продукция,битумная,Группа,01.2.03.01,Вяжущие,полимерно-битумные,01.2.03.01-0001,Мастики,вяжущие,полимерно-битумные,для,устройства,щебеночно-мастичных,деформационных,швов,закрытого,"типа,",устроенных,по,горячей,технологии,кг,"11,72","11,99",01.2.03.01-0002,Мастики,вяжущие,полимерно-битумные,т,3,"778,74",3,"893,00",01.2.03.01-0011,Вяжущее,полимерно-битумное,дорожное,ПБВ,60,т,4,"930,94",5,"064,76",01.2.03.01-0012,Вяжущее,полимерно-битумное,дорожное,ПБВ,90,т,5,"034,39",5,"170,28",01.2.03.01-0021,Вяжущее,дорожное,полимерно-битумное,ТехноНИКОЛЬ,марки,ВДПБ-60,кг,"6,31","6,47",01.2.03.01-0022,Вяжущее,полимерно-битумное,марки,ПБВ,60,с,модификатором,"""ДОРСО""",т,6,"304,86",6,"466,16",01.2.03.01-0023,Вяжущее,полимерно-битумное,марки,ПБВ,90,с,модификатором,"""ДОРСО""",т,6,"403,13",6,"566,39",01.2.03.01-0024,Вяжущее,резинобитумное,"гранулированное,",марка,"""РБВ-Г""",т,14,"609,68",14,"937,07",Группа,01.2.03.02,Грунтовки,битумосодержащие,01.2.03.02-0001,Грунтовка,битумная,под,полимерное,или,резиновое,покрытие,т,30,"407,93",31,"060,00",01.2.03.02-0002,Грунтовка,битумно-полимерная,т,29,"298,02",29,"927,89",01.2.03.02-0003,Грунтовка,битумно-полимерная,"""Ижора""",НП-02,т,39,"052,31",39,"877,27",01.2.03.02-0004,Грунтовка,"битумно-полимерная,",марка,"""Мадикор""",т,16,"510,47",16,"884,59",01.2.03.02-0011,Грунтовка,битумно-полимерная,антикоррозионная,под,изоляционные,ленты,с,подклеивающим,слоем,на,основе,каучуков,для,защиты,стальных,трубопроводов,т,22,"627,66",23,"152,80",01.2.03.02-0012,Грунтовка,битумно-полимерная,антикоррозионная,для,защитного,покрытия,при,температуре,эксплуатации,от,-45,°C,до,+40,°C,т,32,"712,19",33,"439,02",01.2.03.02-0021,Грунтовка,полиакрилат-битумная,однокомпонентная,кг,"166,35","169,75",01.2.03.02-0022,Грунтовка,полиуретановая,"""Праймер","1101""",кг,"26,36","26,96",01.2.03.02-0023,Грунтовка,полиуретановая,КТ,пол,Праймер,ПУ,01,кг,"29,43","30,08",Группа,01.2.03.03,Мастики,битумосодержащие,01.2.03.03-0001,Мастика,"""Ярославна","БПХ-1""",т,19,"149,57",19,"578,90",01.2.03.03-0002,Мастика,"""Ярославна","БПХ-2""",т,43,"074,57",43,"982,40",01.2.03.03-0003,Мастика,битумно-полимерная,гидроизоляционная,кровельная,антикоррозийная,холодного,применения,т,44,"361,57",45,"295,14",01.2.03.03-0004,Мастика,«Покров-1»,т,36,"454,57",37,"230,00",01.2.03.03-0005,Мастика,Eliminator,кг,"283,91","289,64",01.2.03.03-0006,Мастика,атмосферно-химстойкая,"""Поликров","Л-310""",кг,"55,41","56,57",01.2.03.03-0007,Мастика,битумная,т,3,"206,09",3,"316,55",01.2.03.03-0008,Мастика,битумная,"""Брит""-БР(БП)-Т-85,",дорожная,кг,"7,76","7,97",01.2.03.03-0009,Мастика,битумная,«Еша»,т,21,"128,78",21,"597,69",01.2.03.03-0010,Мастика,битумная,ASW-2000-БМ,кг,"9,93","10,18",01.2.03.03-0011,Мастика,битумная,гидроизоляционная,МГ-1,т,7,"473,87",7,"669,69",01.2.03.03-0012,Мастика,битумная,гидроизоляционная,холодная,МГТН,т,10,"329,82",10,"582,76",01.2.03.03-0013,Мастика,битумная,кровельная,горячая,т,3,"282,93",3,"390,00",01.2.03.03-0014,Мастика,битумная,кровельная,горячая,МБКГ-55,(ГОСТ,2889-80),т,6,"796,74",6,"974,09",01.2.03.03-0015,Мастика,битумная,кровельная,горячая,МБКГ-65,(ГОСТ,2889-80),т,6,"796,74",6,"974,09",01.2.03.03-0016,Мастика,битумная,кровельная,горячая,МБКГ-75,(ГОСТ,2889-80),т,6,"796,74",6,"974,09",01.2.03.03-0017,Мастика,битумная,кровельная,горячая,МБКГ-85,(ГОСТ,2889-80),т,6,"796,74",6,"974,09",01.2.03.03-0018,Мастика,битумная,кровельная,холодного,"применения,",универсальная,т,4,"677,73",4,"812,70",01.2.03.03-0019,Мастика,битумная,МБРГ-90,горячего,применения,т,8,"674,66",8,"894,49"
9,Код,ресурса,Наименование,ресурса,Ед.,изм.,Цена,по,состоянию,на,"01.01.2000,",руб.,отпускная,сметная,1,2,3,4,5,01.2.03.03-0020,Мастика,"битумная,",марка,"""МГХ-Г""",холодная,кг,"8,49","8,71",01.2.03.03-0021,Мастика,битумно-атактическая,"холодная,","герметизирующая,","нетвердеющая,","строительная,",антикоррозийная,т,8,"379,38",8,"593,31",01.2.03.03-0031,Мастика,битумно-бутилкаучуковая:,горячая,т,7,"691,68",7,"891,85",01.2.03.03-0032,Мастика,битумно-бутилкаучуковая,холодная,т,12,"195,75",12,"486,00",01.2.03.03-0041,Мастика,битумно-герметизирующая,т,7,"414,29",7,"608,91",01.2.03.03-0043,Мастика,битумно-кукерсольная,холодная,т,3,"110,65",3,"219,20",01.2.03.03-0044,Мастика,битумно-латексная,кровельная,т,2,"934,67",3,"039,70",01.2.03.03-0045,Мастика,битумно-полимерная,т,1,"425,16",1,"500,00",01.2.03.03-0046,Мастика,битумно-полимерная,Bond,Coat,SA1030,кг,"211,42","215,70",01.2.03.03-0047,Мастика,битумно-полимерная,"изоляционная,",марка,"""Мадикор-","75""",т,7,"749,76",7,"951,09",01.2.03.03-0048,Мастика,битумно-полимерная,"изоляционная,",марка,"""Мадикор-","90""",т,7,"707,80",7,"908,29",01.2.03.03-0051,Мастика,битумно-полимерная,приклеивающая,холодная,т,20,"361,55",20,"815,12",01.2.03.03-0052,Мастика,битумно-полимерная,горячая,т,7,"322,88",7,"515,68",01.2.03.03-0053,Мастика,"битумно-полимерная,",марка,"""МБПХ""",холодная,т,9,"517,85",9,"754,55",01.2.03.03-0054,Мастика,"битумно-полимерная,",марка,"""МЭБИС""",холодная,кг,"5,15","5,30",01.2.03.03-0055,Мастика,"битумно-полимерная,F490:F527а","""Техномаст""",т,13,"205,19",13,"515,63",01.2.03.03-0056,Мастика,битумно-полимерная,"холодная,",для,склеивания,строительных,"материалов,",гидроизоляции,строительных,конструкций,кг,"15,98","16,34",01.2.03.03-0057,Мастика,битумная,гидроизоляционная,холодного,"отверждения,",для,склеивания,строительных,"материалов,",гидроизоляции,строительных,конструкций,т,16,"311,96",16,"684,54",01.2.03.03-0061,Мастика,битумно-резиновая:,изоляционная,т,16,"398,29",16,"772,59",01.2.03.03-0062,Мастика,битумно-резиновая,кровельная,т,1,"915,28",1,"995,00",01.2.03.03-0063,Мастика,битумно-резиновая:,МБР-65,изоляционная,(ГОСТ,15836-79),т,7,"796,28",7,"998,54",01.2.03.03-0064,Мастика,битумно-резиновая:,МБР-75,изоляционная,(ГОСТ,15836-79),т,8,"086,72",8,"294,79",01.2.03.03-0065,Мастика,битумно-резиновая:,МБР-90,изолирующая,(ГОСТ,15836-79),т,10,"061,67",10,"309,24",01.2.03.03-0066,Мастика,битумно-резиновая:,МБР-90Х,"изолирующая,",холодная,(ГОСТ,15836-79),т,13,"314,52",13,"627,15",01.2.03.03-0067,Мастика,битумно-резиновая:,МБР-100,изолирующая,(ГОСТ,15836-79),т,10,"991,05",11,"257,21",01.2.03.03-0068,Мастика,битумно-резиновая,МБР,изоляционная,для,защиты,алюминиевой,оболочки,и,брони,от,коррозии,кг,"7,20","7,40",01.2.03.03-0071,Мастика,битумно-скипидарная,на,комбинированном,растворителе,Биски,т,3,"350,64",3,"463,99",01.2.03.03-0072,Мастика,битумно-скипидарная,на,комбинированном,растворителе,Биски,кг,"3,34","3,46",01.2.03.03-0081,Мастика,битумно-эластомерная,"герметизирующая,",марка:,"""МГБЭ","Г-90""",т,10,"878,09",11,"141,99",01.2.03.03-0082,Мастика,битумно-эластомерная,"герметизирующая,",марка:,"""МГБЭ","М-85""",т,11,"880,86",12,"164,82",01.2.03.03-0083,Мастика,битумно-эластомерная,"герметизирующая,",марка:,"""МГБЭ","Т-65""",т,10,"233,33",10,"484,34",01.2.03.03-0084,Мастика,битумно-эластомерная,"герметизирующая,",марка:,"""МГБЭ","Ш-75""",т,10,"534,88",10,"791,92",01.2.03.03-0085,Мастика,битумно-эластомерная,"герметизирующая,",марка:,"""МГБЭ","Ш-90""",т,11,"032,10",11,"299,08",01.2.03.03-0091,Мастика,"БИТУРЕЛ,","полиуретан-битумная,",кровельная,т,36,"140,07",36,"909,21",01.2.03.03-0092,Мастика,БНК,ПМ,т,10,"273,20",10,"525,00",01.2.03.03-0093,Мастика,герметизирующая,"""Брит""-БП-Г25",(аэродромная),кг,"7,33","7,53",01.2.03.03-0094,Мастика,герметизирующая,"""Брит""-БП-Г35",(аэродромная),кг,"7,63","7,83",01.2.03.03-0095,Мастика,герметизирующая,"""Брит""-БП-Г50",(аэродромная),кг,"8,26","8,48",01.2.03.03-0096,Мастика,герметизирующая,"""Брит""-БР-",(БП)-ДШ-85,(мостовая),кг,"7,88","8,09",01.2.03.03-0097,Мастика,герметизирующая,"""Брит""-БР-",(БП)-ДШ-90,(мостовая),кг,"7,86","8,07"
10,Код,ресурса,Наименование,ресурса,Ед.,изм.,Цена,по,состоянию,на,"01.01.2000,",руб.,отпускная,сметная,1,2,3,4,5,01.2.03.03-0098,Мастика,герметизирующая,"""Брит""-БР-",(БП)-Т-65,(дорожная),кг,"7,58","7,78",01.2.03.03-0099,Мастика,герметизирующая,"""Брит""-БР-",(БП)-Т-75,(дорожная),кг,"7,48","7,68",01.2.03.03-0100,Мастика,герметизирующая,"""Брит""-БР-",(БП)-Т-85,(дорожная),кг,"7,50","7,70",01.2.03.03-0101,Мастика,герметизирующая,"""Брит""-БР-",(БП)-Т-90,(дорожная),кг,"7,33","7,53",01.2.03.03-0102,Мастика,гидроизоляционная,марки,"""Леммастикс""",т,6,"229,44",6,"400,37",01.2.03.03-0103,Мастика,гидроизоляционная,холодная,ТЕХНОНИКОЛЬ,№24,(МГТН),кг,"8,92","9,15",01.2.03.03-0104,Мастика,нетвердеющая,"строительная,",гидроизоляционная,и,"кровельная,","битумно-полимерная,",холодная,т,5,"889,02",6,"053,14",01.2.03.03-0105,Мастика,для,гибкой,черепицы,ТЕХНОНИКОЛЬ,№,23,(Фиксер),кг,"14,45","14,79",01.2.03.03-0106,Мастика,"каучуко-битумная,",марка,"""МГХ-К""",холодная,кг,"9,01","9,24",01.2.03.03-0107,Мастика,битумно-масляная,морозостойкая,горячего,применения,т,3,"836,92",3,"960,00",01.2.03.03-0111,Мастика,клеящая,противошумная:,№,579,т,8,"602,17",8,"820,55",01.2.03.03-0112,Мастика,битумная,противошумная,антикоррозионная,т,3,"689,93",3,"810,07",01.2.03.03-0121,Мастика,кровельная,горячая,ТЕХНОНИКОЛЬ,(Эврика),№41,кг,"6,68","6,86",01.2.03.03-0122,Мастика,кровельная,холодная,ТЕХНОНИКОЛЬ,№21,(Техномаст),кг,"13,59","13,91",01.2.03.03-0123,Мастика,кровельная,эмульсионная,ТЕХНОНИКОЛЬ,№31,кг,"11,50","11,78",01.2.03.03-0124,Мастика,КТ,гидроизоляционная,кг,"15,18","15,53",01.2.03.03-0125,Мастика,КТ,изоляционная,кг,"14,75","15,10",01.2.03.03-0126,Мастика,КТ,клей,кг,"10,46","10,72",01.2.03.03-0127,Мастика,КТ,кровельная,кг,"14,76","15,10",01.2.03.03-0128,Мастика,герметизирующая,"нетвердеющая,","строительная,",битумно-бутилкаучуковая,т,4,"619,02",4,"757,74",01.2.03.03-0129,Мастика,МБПК-Г-75,"битумно-полимерная,","герметизирующая,",нетвердеющая,т,7,"318,18",7,"510,88",01.2.03.03-0130,Мастика,Огнебит,отверждающая,изоляционная,для,защиты,от,коррозии,и,огня,т,45,"692,88",46,"653,08",01.2.03.03-0131,Мастика,Огнекров,отверждающая,изоляционная,для,защиты,от,коррозии,и,огня,т,73,"309,39",74,"821,92",01.2.03.03-0132,Мастика,Огнепол,отверждающая,изоляционная,для,защиты,от,коррозии,и,огня,т,96,"171,01",98,"140,77",01.2.03.03-0133,Мастика,приклеивающая,холодная,ТЕХНОНИКОЛЬ,№22,(Вишера),кг,"10,08","10,33",01.2.03.03-0134,Мастика,"резиново-битумная,",марка,"""МГХ-Т","Антикор""",холодная,кг,"15,69","16,05",01.2.03.03-0135,Мастика,"резиново-битумная,",марка,"""МГХ-Т""",холодная,кг,"15,69","16,05",01.2.03.03-0136,Мастика,РБМ-Х,для,кровельных,"работ,","холодная,","эластичная,",нетвердеющая,т,3,"425,58",3,"535,50",01.2.03.03-0137,Мастика,ЭЛАСТЕН-БК,каучуко-битумная,наливная,для,изоляции,железобетонных,и,деревянных,поверхностей,т,14,"550,92",14,"888,28",01.2.03.03-0138,Мастика,ЭЛАСТЕН-К,для,наклейки,рулонных,битумных,материалов,т,14,"137,03",14,"466,11",01.2.03.03-0139,Мастика,ЭЛАСТЕН-Н1,"наливная,",гидроизоляционная,кровельная,т,14,"522,12",14,"853,97",01.2.03.03-0140,Мастика,ЭЛАСТЕН-С,средневязкая,гидроизоляционная,кровельная,т,15,"574,30",15,"927,20",01.2.03.03-0141,Мастика,ЭЛАСТЕН-СБК,каучуко-битумная,средневязкая,для,"изоляции,",кровельная,т,11,"274,11",11,"541,00",01.2.03.03-0142,Мастика,ЭЛАСТЕН-Т,(герметик,темный),каучуко-битумная,для,изоляции,швов,т,15,"564,95",15,"922,59",01.2.03.03-0143,Мастика,ЭЛАСТЕН-ТС,(герметик,светлый),каучуковая,для,изоляции,швов,т,19,"048,42",19,"475,73",01.2.03.03-0151,Состав,"мастичный,",марка,"""М-115""",т,8,"992,09",9,"218,27",Группа,01.2.03.04,Маты,битумные,01.2.03.04-0001,Маты,"битумные,",толщина,30,мм,м2,"19,78","22,50"
11,Код,ресурса,Наименование,ресурса,Ед.,изм.,Цена,по,состоянию,на,"01.01.2000,",руб.,отпускная,сметная,1,2,3,4,5,Группа,01.2.03.05,Праймеры,01.2.03.05-0001,Праймер,битумно-полимерный,для,подготовки,(грунтования),изолируемой,поверхности,перед,нанесением,битумно-полимерных,гидроизоляционных,материалов,кг,"15,05","15,41",01.2.03.05-0002,Праймер,"""Мастбест""",кг,"9,99","10,26",01.2.03.05-0003,Мастика,битумно-резиновая,для,мягкой,и,скатной,"кровли,",фундаментов,и,подземных,"сооружений,",бассейнов,и,"санузлов,",условная,вязкость,не,менее,30,"с,",прочность,не,менее,"0,2",МПа,т,19,"990,00",20,"460,00",01.2.03.05-0004,Праймер,битумный,для,подготовки,(огрунтовки),изолируемых,поверхностей,перед,укладкой,наплавляемых,битумных,и,битумно-полимерных,материалов,кг,"211,83","216,14",01.2.03.05-0005,Праймер,SIPLAST,кг,"24,60","25,16",01.2.03.05-0006,Праймер,битумно-полимерный,ТЕХНОНИКОЛЬ,№03,л,"12,40","12,71",01.2.03.05-0007,Праймер,битумный,КТ,кг,"11,00","11,29",01.2.03.05-0008,Праймер,битумный,КТ,концентрат,кг,"9,50","9,76",01.2.03.05-0009,Праймер,битумный,КТ,премиум,кг,"12,27","12,59",01.2.03.05-0010,Праймер,битумный,производства,«Техно-Николь»,т,11,"581,26",11,"885,47",01.2.03.05-0011,Праймер,битумный,ТЕХНОНИКОЛЬ,№01,л,"8,21","8,44",01.2.03.05-0014,Праймер,"битумный,",марка,"""СТ""",кг,"7,37","7,59",01.2.03.05-0015,Праймер,каучуково-смоляной,"""Гермокрон""",(ТУ,2213-032-,20504464-2001),кг,"23,52","24,06",Группа,01.2.03.06,Эмульгаторы,01.2.03.06-0001,Эмульгатор,«Динонам,SL»,т,169,"129,08",172,"550,00",01.2.03.06-0002,Эмульгатор,для,катионовых,битумных,эмульсий,быстрого,и,среднего,распада,кг,"43,96","44,88",Группа,01.2.03.07,Эмульсии,битумосодержащие,01.2.03.07-0001,Композиция,полимерно-битумная,Гидроизол,л,"41,95","42,83",01.2.03.07-0011,Покрытие,двухкомпонентное,битумное,толстослойное,гидроизоляционное,на,основе,модифицированных,полимеров,с,пенополистироловым,"наполнителем,",способное,перекрывать,трещины,на,поверхности,"основания,",без,растворителей,кг,"41,54","42,41",01.2.03.07-0021,Эмульсия,битумная,т,2,"632,55",2,"723,20",01.2.03.07-0022,Эмульсия,битумная,гидроизоляционная,т,1,"923,53",2,"000,00",01.2.03.07-0023,Эмульсия,битумно-дорожная,т,1,"486,48",1,"554,20",01.2.03.07-0024,Эмульсия,битумно-катионная,ЭБК-1,т,1,"848,12",1,"923,08",01.2.03.07-0025,Эмульсия,битумно-катионная,ЭБК-2,т,1,"885,92",1,"961,63",01.2.03.07-0026,Эмульсия,битумно-катионная,ЭБК-3,т,2,"606,63",2,"696,76",01.2.03.07-0027,Эмульсия,битумно-латексная,гидроизоляционная,антикоррозийная,напыляемая,кг,"41,00","41,86",01.2.03.07-0028,Эмульсия,битумно-латексная,кг,"32,36","33,05",01.2.03.07-0029,Эмульсия,битумно-полимерная,быстрораспадающаяся,ББЭ,т,2,"199,07",2,"281,05",01.2.03.07-0031,Эмульсия,гидроизоляционная,кровельная,ЭКИК,3,т,2,"628,66",2,"719,23",01.2.03.07-0032,Эмульсия,гидроизоляционная,кровельная,ЭКИК,5,т,2,"899,42",2,"995,40",01.2.03.07-0033,Эмульсия,гидроизоляционная,кровельная,ЭКИК,7,т,3,"191,00",3,"292,82",01.2.03.07-0034,Эмульсия,гидроизоляционная,кровельная,ЭКИК,10,т,3,"711,69",3,"823,92",01.2.03.07-0035,Эмульсия,гидроизоляционная,кровельная,ЭКИК,15,т,4,"232,38",4,"355,02",01.2.03.07-0036,Эмульсия,гидроизоляционная,кровельная,ЭКИК,20,т,4,"753,06",4,"886,12",01.2.03.07-0041,Эмульсия,битумно-катионная,ЭБК-Б-70,т,1,"881,71",1,"957,34",01.2.03.07-0042,Эмульсия,битумно-катионная,ЭБК-Б-50,т,1,"557,68",1,"626,83",01.2.03.07-0043,Эмульсия,битумно-катионная,ЭБК-Б-60М,т,1,"736,21",1,"808,93",Группа,01.2.03.08,Продукция,"битумная,",не,включенная,в,группы,01.2.03.08-0001,Гудрон,(полугудрон),т,1,"612,84",1,"681,00",Часть,01.3,"ГСМ,","газы,",химическая,продукция,Раздел,01.3.01,"ГСМ,",смазки,Группа,01.3.01.01,Бензины,01.3.01.01-0001,Бензин,авиационный,Б-70,т,4,"336,57",4,"488,40",01.3.01.01-0002,Бензин,автомобильный,"АИ-98,","АИ-95,",АИ-93,т,4,"612,65",4,"770,00",01.3.01.01-0003,Бензин,автомобильный,марки,А-76,т,4,"963,46",5,"127,83",01.3.01.01-0004,Бензин,"автомобильный,","неэтилированный,",марка,А-76,т,4,"570,30",4,"726,80"
12,Код,ресурса,Наименование,ресурса,Ед.,изм.,Цена,по,состоянию,на,"01.01.2000,",руб.,отпускная,сметная,1,2,3,4,5,01.3.01.01-0005,Бензин,автомобильный,А-92,т,5,"914,58",6,"097,97",01.3.01.01-0006,Бензин,автомобильный,марки,"АИ-92,",неэтилированный,т,5,"054,15",5,"220,33",01.3.01.01-0007,Бензин,автомобильный,марки,"АИ-96,",неэтилированный,т,6,"056,42",6,"242,64",01.3.01.01-0008,Бензин,БР-2,(Нефрас,С2,80/120),т,5,"631,29",5,"816,50",01.3.01.01-0010,Бензин-растворитель,кг,"5,98","6,15",01.3.01.01-1014,Бензин,растворитель,нефтяной,Нефрас-С,50/170,т,17,"810,42",18,"210,54",Группа,01.3.01.02,Вазелины,01.3.01.02-0001,Вазелин,бескислотный,электротехнический,в,"баллоне,",объем,"0,2",л,л,"281,61","287,27",01.3.01.02-0002,Вазелин,технический,кг,"44,05","44,97",Группа,01.3.01.03,Керосины,01.3.01.03-0001,Керосин,авиационный,ТС-1,т,12,"500,00",12,"833,33",01.3.01.03-0002,Керосин,для,технических,целей,т,2,"514,37",2,"606,90",01.3.01.03-0004,Керосин,осветленный,КО,л,"5,11","5,25",01.3.01.03-0011,Контакт,керосиновый,т,3,"684,08",3,"800,00",Группа,01.3.01.04,Мазуты,01.3.01.04-0001,Мазут,топочный,каменноугольный,т,"908,10","968,50",01.3.01.04-0002,Мазут,топочный,М-40,т,"898,58","958,79",01.3.01.04-0003,Мазут,флотский,Ф-12,т,2,"103,19",2,"187,49",Группа,01.3.01.05,Парафины,01.3.01.05-0001,Парафин,нефтяной,жидкий,фракции,"С13,",А,т,11,"379,36",11,"653,69",01.3.01.05-0002,Парафин,нефтяной,жидкий,фракции,"С13,",Б,т,11,"379,36",11,"653,69",01.3.01.05-0003,Парафин,нефтяной,жидкий,фракции,"С14-17,",А,т,11,"379,36",11,"653,69",01.3.01.05-0004,Парафин,нефтяной,жидкий,фракции,"С14-17,",Б,т,11,"379,36",11,"653,69",01.3.01.05-0005,Парафин,нефтяной,твердый,П-1,т,15,"381,54",15,"735,92",01.3.01.05-0006,Парафин,нефтяной,твердый,П-2,т,16,"009,32",16,"376,25",01.3.01.05-0008,Парафины,нефтяные,твердые,П-3,т,16,"009,73",16,"376,67",01.3.01.05-0009,Парафин,нефтяной,твердый,Т-1,т,7,"900,94",8,"105,71",Группа,01.3.01.06,Смазки,01.3.01.06-0001,Смазка,аэрозольная,для,электроинструмента,л,"93,55","95,47",01.3.01.06-0011,Паста,ТЭП-300,кг,1,"609,10",1,"641,33",01.3.01.06-0021,Смазка,антифрикционная,многоцелевая,для,узлов,трения,качения,и,скольжения,механизмов,и,"машин,",работающих,в,зоне,повышенных,температур,т,29,"749,52",30,"397,00",01.3.01.06-0022,Смазка,эмульсол,кг,"54,87","56,02",01.3.01.06-0023,Смазка,антифрикционная,пластичная,для,узлов,"трения,",работающих,при,переменных,ударных,"нагрузках,",диапазон,температур,от,-60,°C,до,+80,°C,т,20,"144,62",20,"600,00",01.3.01.06-0024,Смазка,автомобильная,универсальная,кг,"34,35","35,09",01.3.01.06-0025,Смазка,антикоррозийная,кг,"6,73","6,92",01.3.01.06-0026,Смазка,"высококачественная,","консервационная,",АМС,кг,"34,49","35,23",01.3.01.06-0027,Смазка,антикоррозийная,для,защиты,тросов,АМС,кг,"23,08","23,59",01.3.01.06-0028,Смазка,вакуумная,для,уплотнения,подвижных,соединений,вакуумных,установок,из,стекла,и,металла,кг,"87,44","89,24",01.3.01.06-0029,Смазка,высококачественная,пластическая,"""AeroShell",Grease,"14""",кг,"117,03","119,42",01.3.01.06-0030,Смазка,пластичная,"высокотемпературная,",многоцелевая,индустриальная,и,автомобильная,кг,"149,46","152,50",01.3.01.06-0031,Смазка,ВНИИНП-226,кг,"134,38","137,12",01.3.01.06-0032,Смазка,ВНИИНП-282,кг,5,"900,02",6,"018,07",01.3.01.06-0033,Смазка,графитная,общего,назначения,кг,"5,99","6,16",01.3.01.06-0034,Смазка,графитомедистая,кг,"12,50","12,80",01.3.01.06-0035,Смазка,"густая,",марка,"""Mobilux"",",тип,"""Литол""",кг,"75,26","76,82",01.3.01.06-0036,Смазка,жидкая,(масло,синтетическое),для,"редукторов,",работающих,в,интервале,температур,от,-30,°C,до,150,°C,кг,"19,88","20,33",01.3.01.06-0037,Смазка,защитная,УНЗ,т,7,"679,07",7,"885,14",01.3.01.06-0038,Смазка,защитная,электросетевая,кг,"14,07","14,40",01.3.01.06-0039,Смазка,канатная,39У,кг,"25,86","26,43",01.3.01.06-0040,Смазка,контактная,графитовая,кг,"7,60","7,80"
13,Код,ресурса,Наименование,ресурса,Ед.,изм.,Цена,по,состоянию,на,"01.01.2000,",руб.,отпускная,сметная,1,2,3,4,5,01.3.01.06-0041,Смазка,Литол-24,кг,"9,64","9,88",01.3.01.06-0042,Смазка,медная,для,резьбовых,соединений,л,"155,28","158,44",01.3.01.06-0043,Смазка,пластичная,ГОИ-54п,кг,"48,77","49,80",01.3.01.06-0044,Смазка,разделительная,АС-2-5,т,10,"201,63",10,"458,15",01.3.01.06-0045,Смазка,силиконовая,марки,Molykote,33,medium,кг,"791,59","807,47",01.3.01.06-0046,Смазка,солидол,жировой,марки,«Ж»,т,9,"420,60",9,"661,50",01.3.01.06-0047,Смазка,солидол,"синтетический,",марка,С,т,5,"270,79",5,"428,70",01.3.01.06-0048,Смазка,термостойкая,Графитол,т,174,"600,01",178,"144,50",01.3.01.06-0049,Смазка,Торсиол-55,кг,"9,46","9,70",01.3.01.06-0050,Смазка,универсальная,тугоплавкая,УТ,(консталин,жировой),т,17,"105,40",17,"500,00",01.3.01.06-0051,Смазка,солидол,жировой,Ж,кг,"7,01","7,20",01.3.01.06-0052,Смазка,ЦИАТИМ-205,кг,"20,22","20,68",01.3.01.06-0053,Смазка,ЦИАТИМ-201,кг,"15,24","15,60",01.3.01.06-0054,Смазка,ЦИАТИМ-203,кг,"26,91","27,50",01.3.01.06-0071,Средство,для,смазки,опалубки,MasterFinish,211,RL,(RHEOFINISH,211),(при,бетонировании,монолитных,конструкций,и,изделий,сборного,железобетона),л,"58,43","59,64",01.3.01.06-0072,Средство,для,смазки,опалубки,MasterFinish,RL,314,(RHEOFINISH,314,J),(при,производстве,монолитного,железобетона),л,"27,22","27,81",01.3.01.06-0081,Тавот,кг,"12,56","12,85",01.3.01.06-1018,Смазка,ЦИАТИМ-221,кг,"156,75","159,93",01.3.01.06-1024,Средство,смазочное,(жидкость),для,смазки,опалубки,кг,"20,54","21,00",Группа,01.3.01.07,Спирты,01.3.01.07-0001,Спирт,бутиловый,синтетический,т,13,"912,79",14,"246,40",01.3.01.07-0003,Спирт,изопропиловый,л,"54,46","55,60",01.3.01.07-0004,Метанол,технический,кг,"187,43","191,23",01.3.01.07-0005,Спирт,поливиниловый,кг,"130,05","132,70",01.3.01.07-0006,Спирт,фуриловый,т,62,"448,67",63,"753,00",01.3.01.07-0007,Спирт,этиловый,ректификованный,из,пищевого,сырья,кг,"69,76","71,21",01.3.01.07-0009,Спирт,этиловый,ректификованный,"технический,",сорт,I,кг,"38,08","38,89",Группа,01.3.01.08,Топливо,01.3.01.08-0001,Топливо,дизельное,т,4,"993,59",5,"135,70",01.3.01.08-0002,Топливо,дизельное,из,малосернистых,нефтей,т,6,"086,04",6,"250,00",01.3.01.08-0003,Топливо,моторное,для,среднеоборотных,и,малооборотных,дизелей,ДТ,т,3,"921,04",4,"041,70",Раздел,01.3.02,Газы,Группа,01.3.02.01,Азоты,01.3.02.01-0001,Азот,т,1,"790,68",1,"885,83",01.3.02.01-0002,Азот,газообразный,технический,м3,"5,30","6,21",01.3.02.01-0003,Азот,жидкий,технический,т,1,"777,69",1,"885,83",Группа,01.3.02.02,Аргоны,01.3.02.02-0001,Аргон,"газообразный,",сорт,I,м3,"16,46","17,86",01.3.02.02-0002,Аргон,"газообразный,",сорт,высший,м3,"17,60","19,02",Группа,01.3.02.03,Ацетилены,01.3.02.03-0001,Ацетилен,газообразный,технический,м3,"36,45","38,51",01.3.02.03-0011,Ацетилен,растворенный,"технический,",марка,А,т,31,"141,39",32,"830,00",01.3.02.03-0012,Ацетилен,растворенный,"технический,",марка,Б,т,28,"896,30",30,"540,00",Группа,01.3.02.04,Водороды,01.3.02.04-0001,Водород,газообразный,технический,м3,"22,47","23,54",Группа,01.3.02.05,Газы,природные,01.3.02.05-0001,Газ,природный,100,м3,"27,94","33,00",Группа,01.3.02.06,Газы,углекислые,01.3.02.06-0001,Газ,углекислый,пищевой,м3,"13,36","14,08",01.3.02.06-0011,Углекислый,газ,т,2,"281,62",2,"825,00",Группа,01.3.02.07,Гелии,01.3.02.07-0001,Гелий,м3,"68,34","70,21"
14,Код,ресурса,Наименование,ресурса,Ед.,изм.,Цена,по,состоянию,на,"01.01.2000,",руб.,отпускная,сметная,1,2,3,4,5,Группа,01.3.02.08,Кислороды,01.3.02.08-0001,Кислород,газообразный,технический,м3,"5,40","6,22",01.3.02.08-0002,Кислород,жидкий,технический,т,1,"291,32",1,"814,90",Группа,01.3.02.09,Смеси,газовые,01.3.02.09-0001,Газ,сварочный,(смесь,аргона,и,углекислого,газа),м3,"33,55","35,02",01.3.02.09-0011,Смесь,газовая,техническая,пропан-бутан,м3,"5,03","5,54",01.3.02.09-0022,Пропан-бутан,смесь,техническая,кг,"5,48","6,09",01.3.02.09-0031,Смесь,поверочная,газовая,(ПГС),"воздушно-метановая,",содержание,метана,"1,5%",л,"340,16","347,02",Группа,01.3.02.10,Углероды,01.3.02.10-0001,Углерод,четыреххлористый,кг,"23,53","24,04",01.3.02.10-0002,Углерод,"четыреххлористый,",ХЧ,кг,"98,10","100,10",Группа,01.3.02.11,Фреоны,01.3.02.11-0001,Антифриз-теплоноситель,(концентрат),ТН-65,л,"9,64","9,87",01.3.02.11-0011,Тетрафторметан,кг,"75,08","76,62",01.3.02.11-0021,Фреон,л,"35,25","36,00",01.3.02.11-0022,Фреон,т,67,"014,80",68,"400,00",01.3.02.11-0023,Фреон,R410A,(разовый,баллон,"11,30",кг),шт,"602,34","614,85",01.3.02.11-0031,Элегаз,кг,"225,02","229,57",Раздел,01.3.03,Кислоты,Группа,01.3.03.01,Асидолы,01.3.03.01-0001,Асидол-мылонафт,т,1,"538,40",1,"623,71",01.3.03.01-0011,Асидол,А-1,т,1,"007,98",1,"082,68",Группа,01.3.03.02,Кислоты,азотные,01.3.03.02-0001,Кислота,азотная,концентрированная,техническая,кг,"6,32","6,51",01.3.03.02-0002,Кислота,азотная,концентрированная,с,содержанием,основного,вещества,"98,2","%,",сорт,I,т,5,"584,75",5,"760,00",01.3.03.02-0003,Кислота,азотная,особо,чистая,т,29,"378,53",30,"029,66",01.3.03.02-0004,Кислота,азотная,"специальная,",сорт,I,с,содержанием,основного,вещества,72%,т,4,"216,84",4,"364,73",01.3.03.02-0005,Кислота,азотная,"специальная,",сорт,высший,с,содержанием,основного,вещества,72%,т,4,"286,66",4,"435,95",01.3.03.02-0006,Кислота,азотная,ХЧ,кг,"22,60","23,11",01.3.03.02-0007,Кислота,"азотная,",сорт,II,с,содержанием,основного,вещества,"97,5%",т,5,"549,45",5,"724,00",Группа,01.3.03.03,Кислоты,борные,01.3.03.03-0001,Кислота,борная,"техническая,",марка,А,т,28,"865,93",29,"506,80",01.3.03.03-0003,Кислота,борная,"техническая,",марка,Б,т,18,"365,04",18,"795,90",Группа,01.3.03.04,Кислоты,ортофосфорные,01.3.03.04-0001,Кислота,ортофосфорная,особо,чистая,т,83,"748,79",85,"487,32",01.3.03.04-0003,Кислота,ортофосфорная,"техническая,",сорт,I,кг,"10,84","11,12",01.3.03.04-0004,Кислота,ортофосфорная,химически,чистая,кг,"38,39","39,22",Группа,01.3.03.05,Кислоты,серные,01.3.03.05-0001,Кислота,серная,"аккумуляторная,",сорт,I,т,2,"302,94",2,"412,56",01.3.03.05-0002,Кислота,серная,"аккумуляторная,",сорт,высший,т,6,"525,93",6,"720,00",01.3.03.05-0003,Кислота,серная,контактная,регенерированная,с,содержанием,основного,вещества,не,менее,91%,т,"773,80","852,83",01.3.03.05-0004,Кислота,серная,контактная,"техническая,",сорт,I,с,содержанием,основного,вещества,не,менее,"92,5%",т,1,"414,14",1,"505,98",01.3.03.05-0005,Кислота,серная,особо,чистая,кг,"30,75","31,43",01.3.03.05-0006,Кислота,серная,техническая,башенная,с,содержанием,основного,вещества,не,менее,75%,т,1,"113,54",1,"199,37",01.3.03.05-0007,Кислота,серная,техническая,улучшенная,т,1,"050,83",1,"135,40",01.3.03.05-0008,Кислота,серная,ХЧ,кг,"23,92","24,46",Группа,01.3.03.06,Кислоты,соляные,01.3.03.06-0001,Кислота,соляная,особо,чистая,т,14,"523,47",14,"877,50",01.3.03.06-0003,Кислота,соляная,техническая,кг,"1,13","1,21",01.3.03.06-0004,Кислота,"соляная,",ХЧ,кг,"6,53","6,72"
15,Код,ресурса,Наименование,ресурса,Ед.,изм.,Цена,по,состоянию,на,"01.01.2000,",руб.,отпускная,сметная,1,2,3,4,5,Группа,01.3.03.07,Кислоты,уксусные,01.3.03.07-0001,Кислота,уксусная,кг,"12,77","13,09",01.3.03.07-0002,Кислота,уксусная,ХЧ,кг,"18,00","18,42",Группа,01.3.03.08,"Кислоты,",не,включенные,в,группы,01.3.03.08-0001,Бензолсульфокислота,т,9,"000,09",9,"243,65",01.3.03.08-0011,Кислота,бензойная,чистая,кг,"30,14","30,80",01.3.03.08-0012,Кислота,кремнефтористоводородная,т,1,"531,46",1,"625,65",01.3.03.08-0013,Кислота,синтетическая,жирная,СКЖ,т,12,"728,91",13,"047,04",01.3.03.08-0014,Кислота,фтористоводородная,кг,"66,72","68,12",01.3.03.08-0015,Кислота,щавелевая,кг,"45,06","46,02",01.3.03.08-0021,Углекислота,кг,"1,82","1,92",Раздел,01.3.04,Масла,Группа,01.3.04.01,Масла,гидравлические,01.3.04.01-0002,Масло,веретенное,кг,"38,23","39,04",01.3.04.01-0003,Масло,гидравлическое,низкоиндексное,минеральное,для,защиты,от,износа,и,коррозии,промышленных,"гидросистем,",работающих,в,"помещении,",класс,вязкости,по,ISO,22,л,"53,98","55,10",01.3.04.01-0004,Масло,гидравлическое,низкоиндексное,минеральное,для,защиты,от,износа,и,коррозии,промышленных,"гидросистем,",работающих,в,"помещении,",класс,вязкости,по,ISO,46,л,"31,60","32,27",01.3.04.01-0006,Масло,гидравлическое,ВМГЗ,кг,"7,26","7,46",01.3.04.01-0007,Масло,гидравлическое,марка,Гидравлик,HVLP,32,кг,"19,57","20,00",01.3.04.01-0008,Масло,гидравлическое,ИГП-18,т,6,"018,48",6,"184,36",01.3.04.01-0009,Масло,гидравлическое,ИГП-30,т,6,"227,55",6,"397,61",Группа,01.3.04.02,Масла,дизельные,моторные,01.3.04.02-0001,Масло,дизельное,моторное,М-10В2,т,6,"138,29",6,"306,57",01.3.04.02-0002,Масло,дизельное,моторное,М-10В2С,т,7,"367,65",7,"560,52",01.3.04.02-0004,Масло,дизельное,моторное,М-10ДМ,кг,"3,88","4,00",01.3.04.02-0005,Масло,дизельное,моторное,М-10Г2К,т,7,"579,41",7,"776,51",Группа,01.3.04.03,Масла,индустриальные,01.3.04.03-0001,Масло,индустриальное,для,вентиляционных,фильтров,л,"5,44","5,59",01.3.04.03-0003,Масло,индустриальное,И-20А,л,"11,51","11,78",01.3.04.03-0004,Масло,индустриальное,И-30А,л,"16,45","16,82",01.3.04.03-0005,Масло,индустриальное,И-40А,л,"8,77","8,99",01.3.04.03-0006,Масло,индустриальное,И-50А,л,"9,30","9,53",01.3.04.03-0007,Масло,индустриальное,ИГП-49,т,6,"392,17",6,"565,53",Группа,01.3.04.04,Масла,компрессорные,01.3.04.04-0001,Масло,компрессорное,кг,"6,27","6,44",01.3.04.04-0002,Масло,компрессорное,К2-24,кг,"8,93","9,15",01.3.04.04-0003,Масло,компрессорное,КС-19,кг,"6,85","7,03",Группа,01.3.04.05,Масла,трансмиссионные,01.3.04.05-0001,Масло,высококачественное,трансмиссионное,марка,"""Shell",Omala,"100""",л,"46,08","47,04",01.3.04.05-0002,Масло,трансмиссионное,арктическое,ТСз-9гип,л,"98,82","100,84",Группа,01.3.04.06,Масла,трансформаторные,01.3.04.06-0001,Масло,трансформаторное,АГК,кг,"54,15","55,27",01.3.04.06-0002,Масло,трансформаторное,ВГ,кг,"10,33","10,58",01.3.04.06-0003,Масло,трансформаторное,ГК,кг,"10,81","11,07",01.3.04.06-0004,Масло,трансформаторное,Т-750,л,"13,98","14,30",01.3.04.06-0005,Масло,трансформаторное,Т-1500,кг,"7,60","7,79",01.3.04.06-0006,Масло,трансформаторное,ТКП,кг,"12,03","12,31",Группа,01.3.04.07,Масла,турбинные,01.3.04.07-0001,Масло,турбинное,кг,"7,03","7,21",01.3.04.07-0002,Масло,турбинное,ТП-22С,кг,"6,45","6,62",01.3.04.07-0003,Масло,турбинное,ТП-22,кг,"6,07","6,23",01.3.04.07-0004,Масло,турбинное,ТП-30,кг,"8,31","8,52",Группа,01.3.04.08,"Масла,",не,включенные,в,группы,01.3.04.08-0001,Масло,для,двигателей,автомашин,М8В,кг,"7,51","7,70"
16,Код,ресурса,Наименование,ресурса,Ед.,изм.,Цена,по,состоянию,на,"01.01.2000,",руб.,отпускная,сметная,1,2,3,4,5,01.3.04.08-0011,Масла,автомобильные,для,карбюраторных,двигателей,М-8В1,т,6,"790,77",6,"972,10",01.3.04.08-0012,Масло,антраценовое,т,1,"618,13",1,"696,01",01.3.04.08-0013,Масло,каменноугольное,для,пропитки,древесины,т,2,"364,99",2,"457,80",01.3.04.08-0014,Масло,креозотовое,т,2,"367,14",2,"460,00",01.3.04.08-0015,Масло,сланцевое,топливное,т,1,"370,10",1,"443,01",01.3.04.08-0021,Масло,авиационное,кг,"11,78","12,06",01.3.04.08-0022,Масло,вакуумное,кг,"74,63","76,16",01.3.04.08-0023,Масло,дизельное,моторное,зимнее,М-8ДМ,т,12,"034,76",12,"320,97",01.3.04.08-0024,Масло,изоляционное,кг,"3,17","3,27",01.3.04.08-0025,Масло,кабельное,кг,"8,64","8,85",01.3.04.08-0026,Масло,льняное,кг,"18,71","19,13",01.3.04.08-0027,Масло,МС-20,кг,"8,39","8,60",01.3.04.08-0028,Масло,редукторное,"минеральное,",для,систем,с,циркуляционной,смазкой,или,смазкой,разбрызгиванием,л,"36,74","37,52",01.3.04.08-0029,Масло,смазочное,белое,марка,"""Shell",Ondina,"933""",л,"60,18","61,42",01.3.04.08-0030,Масло,соляровое,кг,"4,86","5,00",01.3.04.08-0031,Парафин,высокотекучий,(масло,парафиновое),л,"36,08","36,84",Раздел,01.3.05,Материалы,и,реактивы,химические,Группа,01.3.05.01,Алюминии,01.3.05.01-0001,Алюминий,окись,(оксид,алюминия),для,жидкостной,хроматографии,кг,"529,62","540,24",01.3.05.01-0002,Алюминий,сернокислый,18-водный,кг,"7,08","7,26",01.3.05.01-0011,Алюминий,сернокислый,(сульфат,алюминия),технический,"очищенный,",марка,А,т,2,"397,86",2,"481,02",01.3.05.01-0012,Алюминий,сернокислый,(сульфат,алюминия),технический,"очищенный,","Б,",сорт,I,т,2,"067,48",2,"144,03",Группа,01.3.05.02,Аммиаки,01.3.05.02-0001,Аммиак,водный,"технический,",массовая,доля,аммиака,не,менее,25%,кг,"1,74","1,82",01.3.05.02-0011,Аммиак,водный,технический,т,"888,41","967,28",01.3.05.02-0012,Аммиак,водный,"технический,",марка,Б,т,"858,44","936,71",01.3.05.02-0021,Аммиак,жидкий,"технический,",марка,А,т,1,"135,46",1,"219,27",01.3.05.02-0022,Аммиак,жидкий,"технический,",АК,т,1,"135,46",1,"219,27",01.3.05.02-0023,Аммиак,жидкий,"технический,",Б,т,1,"084,61",1,"167,40",Группа,01.3.05.03,Аммонии,01.3.05.03-0001,Аммоний,молибденовокислый,4-водный,кг,"684,00","697,71",01.3.05.03-0002,Аммоний,надсернокислый,кг,"10,70","10,94",01.3.05.03-0003,Аммоний,роданистый,кг,"26,41","26,98",01.3.05.03-0004,Аммоний,сернистый,кг,"22,37","22,85",01.3.05.03-0005,Аммоний,сернокислый,(сульфат,аммония),очищенный,т,12,"206,67",12,"486,00",01.3.05.03-0007,Аммоний,специальный,т,9,"010,16",9,"228,71",01.3.05.03-0008,Аммоний,углекислый,кислый,(бикарбонат,аммония),кг,"24,11","24,62",01.3.05.03-0009,Аммоний,"уксуснокислый,",ЧДА,кг,"20,89","21,34",01.3.05.03-0010,Аммоний,фосфорнокислый,двузамещенный,(диаммоний,фосфат),т,14,"765,10",15,"095,60",01.3.05.03-0021,Аммоний,фосфорнокислый,двузамещенный,(диамоний,"фосфат),",марка,Б,т,7,"858,63",8,"051,00",01.3.05.03-0022,Аммоний,фосфорнокислый,двузамещенный,(диамоний,"фосфат),",марка,В,т,14,"556,59",14,"882,92",01.3.05.03-0031,Нашатырь,(аммоний,хлористый),т,6,"574,85",6,"745,73",Группа,01.3.05.04,Ангидриды,01.3.05.04-0001,Ангидрид,изометилтетрагидрофталевый,кг,"82,01","83,69",01.3.05.04-0002,Ангидрид,хромовый,технический,кг,"37,65","38,44",Группа,01.3.05.05,Бакелиты,01.3.05.05-0001,Бакелит,жидкий,"БЖ-1,",БЖ-2,т,12,"750,66",13,"057,34",01.3.05.05-0002,Бакелит,жидкий,БЖ-3,т,12,"866,80",13,"175,80",01.3.05.05-0003,Бакелит,жидкий,"БЖ-4,",БЖ-6,т,13,"534,58",13,"856,93",Группа,01.3.05.06,Барии,01.3.05.06-0001,Барий,сернокислый,аккумуляторный,т,34,"728,69",35,"484,36"
17,Код,ресурса,Наименование,ресурса,Ед.,изм.,Цена,по,состоянию,на,"01.01.2000,",руб.,отпускная,сметная,1,2,3,4,5,01.3.05.06-0002,Барий,хлористый,"2-водный,",ХЧ,кг,"42,48","43,37",Группа,01.3.05.07,Буры,01.3.05.07-0001,Бура,т,24,"081,09",24,"600,00",01.3.05.07-0011,Бура,(тетраборат,"натрия),",марка,А,т,17,"198,61",17,"579,87",01.3.05.07-0012,Бура,(тетраборат,"натрия),",марка,Б,т,15,"433,26",15,"779,22",Группа,01.3.05.08,Глеты,свинцовые,01.3.05.08-0001,Глет,свинцовый,Г-1,т,36,"004,30",36,"769,00",01.3.05.08-0002,Глет,свинцовый,Г-2,т,33,"929,13",34,"652,33",Группа,01.3.05.09,Глицерины,01.3.05.09-0001,Глицерин,синтетический,т,46,"475,54",47,"460,00",Группа,01.3.05.10,Графиты,01.3.05.10-0001,Графит,измельченный,т,3,"516,91",3,"622,80",01.3.05.10-0003,Графит,кристаллический,литейный,кг,"5,93","6,08",01.3.05.10-0004,Графит,кристаллический,смазочный,кг,"8,31","8,51",01.3.05.10-0005,Графит,серебристый,кг,"9,53","9,75",Группа,01.3.05.11,Дихлорэтаны,01.3.05.11-0001,Дихлорэтан,"технический,",сорт,I,т,4,"793,31",4,"934,48",01.3.05.11-0002,Дихлорэтан,"технический,",сорт,II,т,4,"472,84",4,"607,61",Группа,01.3.05.12,Диэтилентриамины,01.3.05.12-0001,Диэтилентриамин,"технический,",сорт,I,т,57,"216,26",58,"398,58",01.3.05.12-0002,Диэтилентриамин,"технический,",сорт,высший,т,59,"506,40",60,"734,52",Группа,01.3.05.13,Железо,01.3.05.13-0001,Железо,сернокислое,(II),"7-водное,",ХЧ,кг,"6,50","6,67",01.3.05.13-0002,Железо,хлорное,(III),6-водное,т,16,"781,96",17,"156,29",01.3.05.13-0003,Железо,хлорное,"технологическое,",сорт,2,т,25,"031,40",25,"568,63",Группа,01.3.05.14,Индикаторы,01.3.05.14-0001,Индикатор,ксиленоловый,"оранжевый,",ЧДА,кг,5,"233,95",5,"338,67",01.3.05.14-0002,Индикатор,метиленовый,голубой,2Б,(2В),кг,"572,43","583,92",01.3.05.14-0003,Индикатор,метиловый,"оранжевый,",ЧДА,кг,"523,36","533,87",01.3.05.14-0004,Индикатор,"фенолфталеин,",ЧДА,кг,"588,79","600,61",01.3.05.14-0005,Индикатор,хромовый,"темно-синий,",ЧДА,кг,2,"453,39",2,"502,50",01.3.05.14-0006,Индикатор,эозин,"Н,",ЧДА,кг,1,"635,58",1,"668,33",Группа,01.3.05.15,Калии,01.3.05.15-0001,Калий-натрий,виннокислый,(соль,сегнетовая),кг,"21,49","21,96",01.3.05.15-0002,Калий-натрий,"виннокислый,",ХЧ,кг,"18,11","18,51",01.3.05.15-0004,Калий-натрий,углекислый,кг,"11,63","11,90",01.3.05.15-0011,Калий,"двухромовокислый,",ХЧ,кг,"28,89","29,51",01.3.05.15-0012,Калий,двухромовый,кг,"14,05","14,37",01.3.05.15-0013,Калий,"дицианоаргентат,",Ч,кг,4,"094,34",4,"176,27",01.3.05.15-0014,Калий,дицианоаурат,кг,198,"994,10",202,"974,02",01.3.05.15-0015,Калий,едкий,технический,кг,"5,84","6,00",01.3.05.15-0016,Калий,железистосинеродистый,технический,кг,"13,89","14,21",01.3.05.15-0017,Калий,"йодистый,",ХЧ,кг,"135,37","138,12",01.3.05.15-0018,Калий,марганцовокислый,кг,"39,88","40,72",01.3.05.15-0019,Калий,персульфат,кг,"18,50","18,91",01.3.05.15-0020,Калий,пирофосфорнокислый,кг,"16,40","16,77",01.3.05.15-0021,Калий,роданистый,кг,"35,65","36,40",01.3.05.15-0022,Калий,"сернокислый,",ХЧ,кг,"36,35","37,12",01.3.05.15-0023,Калий,сурьмяновиннокислый,кг,"111,47","113,74",01.3.05.15-0031,Калий,углекислый,технический,(поташ),"кальцинированный,",сорт,I,кг,"8,43","8,64",01.3.05.15-0032,Калий,углекислый,технический,(поташ),"кальцинированный,",сорт,II,кг,"7,01","7,18",01.3.05.15-0033,Калий,углекислый,технический,(поташ),"кальцинированный,",сорт,III,кг,"5,83","5,98",01.3.05.15-0034,Калий,углекислый,технический,(поташ),"полутораводный,",сорт,I,т,6,"869,54",7,"043,53",01.3.05.15-0035,Калий,углекислый,технический,(поташ),"полутораводный,",сорт,II,т,5,"837,33",5,"990,67"
18,Код,ресурса,Наименование,ресурса,Ед.,изм.,Цена,по,состоянию,на,"01.01.2000,",руб.,отпускная,сметная,1,2,3,4,5,01.3.05.15-0036,Калий,углекислый,технический,(поташ),"полутораводный,",сорт,III,т,5,"350,78",5,"494,39",01.3.05.15-0041,Калий,фосфорнокислый,"1-замещенный,",ХЧ,кг,"25,07","25,61",01.3.05.15-0042,Калий,фосфорнокислый,2-замещенный,"3-водный,",ЧДА,кг,"20,93","21,39",01.3.05.15-0043,Калий,"хлористый,",ХЧ,кг,"11,11","11,37",01.3.05.15-0044,Калий,хромовокислый,кг,"23,84","24,36",01.3.05.15-2133,Калий-натрий,"виннокислый,",ЧДА,кг,"16,28","16,65",Группа,01.3.05.16,Кальции,01.3.05.16-0001,Баббиты,кальциевые,т,12,"591,75",12,"883,31",01.3.05.16-0011,Кальций,хлористый,жидкий,т,"659,17","708,60",01.3.05.16-0012,Кальций,хлористый,"технический,",сорт,I,т,2,"964,46",3,"060,00",01.3.05.16-0021,Карбид,кальция,для,кусков,2/25,т,3,"080,11",3,"178,31",01.3.05.16-0022,Карбид,кальция,для,кусков,50/80,т,2,"944,51",3,"040,00",Группа,01.3.05.17,Канифоли,01.3.05.17-0002,Канифоль,сосновая,кг,"27,16","27,74",Группа,01.3.05.18,Карбометоксисульфанилхлориды,01.3.05.18-0001,Карбометоксисульфанилхлорид,(сульфохлорид),технический,"сухой,",сорт,I,т,22,"462,46",22,"946,91",01.3.05.18-0002,Карбометоксисульфанилхлорид,(сульфохлорид),технический,"сухой,",сорт,II,т,19,"784,25",20,"215,14",Группа,01.3.05.19,Купоросы,01.3.05.19-0001,Купорос,железный,технический,т,"875,79","931,65",01.3.05.19-0011,Купорос,"медный,",марка,А,т,7,"378,33",7,"571,00",01.3.05.19-0013,Купорос,медный,Б,т,9,"759,03",9,"999,32",Группа,01.3.05.20,Магнии,01.3.05.20-0001,Магний,сернокислый,7-водный,т,1,"455,69",1,"520,00",01.3.05.20-0002,Магний,технический,хлористый,(бишофит),т,"879,57","932,36",01.3.05.20-0003,Магний,хлористый,т,"625,28","672,99",Группа,01.3.05.21,Материалы,противогололедные,01.3.05.21-0001,Реагент,противогололедный,на,ацитатной,основе,т,27,"033,79",27,"616,70",01.3.05.21-0002,Реагент,противогололедный,на,ацитатной,основе,"""АЛЕКСОР","М""",т,26,"321,28",26,"889,94",Группа,01.3.05.22,Меди,01.3.05.22-0001,Медь,азотнокислая,кг,"147,17","150,15",01.3.05.22-0002,Медь,сернокислая,кг,"35,95","36,71",01.3.05.22-0003,Медь,углекислая,свежеосажденная,кг,"87,72","89,52",01.3.05.22-0011,Пирофосфат,меди,кг,"165,18","168,52",Группа,01.3.05.23,Натрии,01.3.05.23-0001,Бикарбонат,натрия,(сода,двууглекислая),кг,"5,73","5,88",01.3.05.23-0011,Бисульфит,натрия,технический,(водный,раствор),т,1,"205,41",1,"268,21",01.3.05.23-0021,Натр,едкий,технический,(гидроксид,"натрия,",сода,каустическая),кг,"10,23","10,48",01.3.05.23-0031,Гидросульфат,натрия,кг,"33,02","33,72",01.3.05.23-0032,Гидросульфат,"натрия,",технический,т,12,"362,39",12,"656,00",01.3.05.23-0041,Гидросульфит,натрия,технический,кг,"26,70","27,27",01.3.05.23-0051,Гипофосфит,натрия,(натрий,фосфорноватистокислый),кг,"110,11","112,35",01.3.05.23-0061,Натрий,едкий,марка,"ТД,",технический,т,5,"696,68",5,"850,00",01.3.05.23-0062,Натрий,едкий,марка,"ТР,",технический,т,7,"223,15",7,"407,00",01.3.05.23-0071,Натриевая,соль,2-метил,4-хлорфенокси-уксусной,кислоты,(2м-4х),т,26,"882,66",27,"459,00",01.3.05.23-0072,Натриевая,соль,гидразида,малеиновой,кислоты,"(МГ-натрия,",60%-ная,паста),т,36,"853,25",37,"629,00",01.3.05.23-0081,Натрий,азотистокислый,в,"растворе,",марка,"А,","Б,",сорт,высший,т,4,"569,46",4,"704,76",01.3.05.23-0082,Натрий,азотистокислый,(нитрит,натрия),в,растворе,"А,",сорт,I,т,4,"569,46",4,"704,76",01.3.05.23-0083,Натрий,азотистокислый,(нитрит,натрия),в,растворе,"Б,",сорт,I,т,4,"265,08",4,"394,29",01.3.05.23-0084,Натрий,азотистокислый,(нитрит,натрия),в,растворе,"Б,",сорт,высший,т,4,"569,46",4,"704,76",01.3.05.23-0085,Натрий,азотистокислый,(нитрит,натрия),в,растворе,"В,",сорт,высший,т,2,"525,84",2,"620,27"
19,Код,ресурса,Наименование,ресурса,Ед.,изм.,Цена,по,состоянию,на,"01.01.2000,",руб.,отпускная,сметная,1,2,3,4,5,01.3.05.23-0091,Натрий,азотнокислый,(селитра,натриевая),технический,А,т,6,"521,03",6,"695,36",01.3.05.23-0092,Натрий,азотнокислый,"технический,",марка,Б,т,6,"411,99",6,"584,14",01.3.05.23-0101,Натрий,"едкий,",жидкий,кг,"4,60","4,73",01.3.05.23-0102,Натрий,кремнефтористый,"технический,",сорт,I,т,6,"880,97",7,"062,50",01.3.05.23-0103,Натрий,лаурильсульфат,кг,"13,87","14,19",01.3.05.23-0104,Натрий,надсернокислый,(натрий,персульфат),чистый,кг,"13,89","14,21",01.3.05.23-0105,Натрий,салициловокислый,(салицилат,натрия),кг,"83,99","85,72",01.3.05.23-0106,Натрий,сернистокислый,"б/в,",ЧДА,кг,"5,56","5,71",01.3.05.23-0107,Натрий,серноватистокислый,"5-водный,",ЧДА,кг,"5,31","5,48",01.3.05.23-0111,Натрий,серно-кислый,технический,кг,"1,96","2,05",01.3.05.23-0112,Натрий,сернокислый,(сульфат,натрия),"технический,","А,",сорт,II,т,1,"665,61",1,"742,83",01.3.05.23-0121,Натрий,сернокислый,"б/в,",ХЧ,кг,"8,75","8,97",01.3.05.23-0122,Натрий,станнат,кг,"106,32","108,49",01.3.05.23-0123,Натрий,углекислый,"10-водный,",ЧДА,кг,"20,68","21,13",01.3.05.23-0124,Натрий,углекислый,"б/в,",ЧДА,кг,"31,40","32,07",01.3.05.23-0125,Натрий,углекислый,"кислый,",ЧДА,кг,"30,19","30,83",01.3.05.23-0126,Натрий,уксуснокислый,технический,кг,"40,69","41,54",01.3.05.23-0127,Натрий,фосфорнокислый,3-замещенный,"12-водный,",ЧДА,кг,"12,77","13,07",01.3.05.23-0128,Натрий,фтористый,т,62,"035,87",63,"314,93",01.3.05.23-0129,Натрий,фтористый,"технический,",марка,"А,",сорт,I,т,18,"682,44",19,"100,00",01.3.05.23-0131,Натрий,хлористый,технический,т,35,"251,07",36,"000,00",01.3.05.23-0132,Натрий,"хлористый,",ХЧ,кг,"19,95","20,39",01.3.05.23-0141,Натрия,тиосульфат,(гипосульфит),кристаллический,технический,кг,"3,99","4,11",01.3.05.23-0151,Персульфат,натрия,кг,"36,98","37,76",01.3.05.23-0161,Пирофосфат,натрия,кг,"18,94","19,36",01.3.05.23-0171,Сода,кальцинированная,(натрий,углекислый),техническая,т,1,"790,50",1,"865,00",01.3.05.23-0181,Стекло,жидкое,натриевое,каустическое,т,2,"642,71",2,"734,60",01.3.05.23-0191,Тринатрийфосфат,технический,кг,"6,20","6,38",01.3.05.23-0201,Триполифосфат,натрия,"технический,",сорт,I,т,10,"008,15",10,"262,33",01.3.05.23-0211,Хлор,жидкий,(канистра,25,кг),шт,1,"563,83",1,"595,97",Группа,01.3.05.24,Никели,01.3.05.24-0001,Никель,сернокислый,кг,"78,44","80,05",01.3.05.24-0002,Никель,сульфаминовокислый,кг,"163,47","166,78",01.3.05.24-0003,Никель,хлористый,кг,"55,00","56,14",Группа,01.3.05.26,Олеумы,01.3.05.26-0001,Олеум,технический,т,"921,04",1,"003,02",01.3.05.26-0002,Олеум,"технический,",улучшенный,т,1,"599,70",1,"695,25",01.3.05.26-0003,Олеум,улучшенный,т,1,"731,06",1,"829,24",Группа,01.3.05.27,Олигоэфиракрилаты,01.3.05.27-0001,Олигоэфиракрилат,"МГФ-9,",сорт,I,т,34,"429,50",35,"162,00",01.3.05.27-0002,Олигоэфиракрилат,"МГФ-9,",сорт,высший,т,50,"300,92",51,"350,85",Группа,01.3.05.28,Реактивы,01.3.05.28-0001,Реактив,(порошок),для,обнаружения,органических,"соединений,",выделяющихся,во,время,нагрева,азотистой,"кислоты,",ЧДА,кг,"508,69","518,91",01.3.05.28-0002,Реактив,(раствор),для,качественного,обнаружения,"аммиака,","гуанидинов,",первичных,и,вторичных,"спиртов,","альдегидов,",ЧДА,кг,"183,93","187,66",Группа,01.3.05.29,Серы,01.3.05.29-0001,Сера,коллоидная,"паста,",сорт,I,т,9,"888,99",10,"130,68",01.3.05.29-0011,Сера,техническая,природная,комовая,т,"902,00","955,59",01.3.05.29-0012,Сера,техническая,природная,молотая,т,2,"600,06",2,"687,61",Группа,01.3.05.30,Сополимеры,01.3.05.30-0001,Сополимер,(смола),метакриловой,кислоты,и,ее,эфира,т,37,"086,79",37,"870,00",01.3.05.30-0002,Сополимер,"БМК-5,",В,т,70,"648,51",72,"102,95",Группа,01.3.05.31,Тиоколы,01.3.05.31-0001,Тиоколы,жидкие,т,189,"037,66",192,"862,32",01.3.05.31-0002,Тиокол,марки:,П,т,154,"130,45",157,"256,97"
